["Absecon","Allendale","Allentown","Alloway","Alpha","Alpine","Annandale","Asbury Park","Ashland","Atco","Atlantic City","Atlantic County","Atlantic Highlands","Audubon","Audubon Park","Avalon","Avenel","Avon-by-the-Sea","Barnegat","Barrington","Bayonne","Bayville","Beach Haven","Beach Haven West","Beachwood","Beattystown","Beckett","Bedminster","Belford","Belleville","Bellmawr","Belmar","Belvidere","Bergen County","Bergenfield","Berkeley Heights","Berlin","Bernardsville","Beverly","Blackwood","Bloomfield","Bloomingdale","Bogota","Boonton","Bordentown","Bound Brook","Bradley Beach","Bradley Gardens","Brass Castle","Bridgeton","Bridgewater","Brielle","Brigantine","Brookdale","Brooklawn","Browns Mills","Brownville","Budd Lake","Buena","Burlington","Burlington County","Butler","Caldwell","Califon","Camden","Camden County","Cape May","Cape May County","Cape May Court House","Carlstadt","Carneys Point","Carteret","Cedar Glen Lakes","Cedar Glen West","Cedar Grove","Chatham","Cherry Hill","Cherry Hill Mall","Chesilhurst","Chester","Cinnaminson","Clark","Clayton","Clearbrook Park","Clementon","Cliffside Park","Cliffwood Beach","Clifton","Clinton","Closter","Collings Lakes","Collingswood","Colonia","Concordia","Country Lake Estates","Cranbury","Crandon Lakes","Cranford","Cresskill","Crestwood Village","Cumberland County","Dayton","Delanco","Demarest","Dover","Dover Beaches North","Dover Beaches South","Dumont","Dunellen","East Brunswick","East Franklin","East Freehold","East Hanover","East Newark","East Orange","East Rutherford","Eatontown","Echelon","Edgewater","Edgewater Park","Edison","Egg Harbor City","Elizabeth","Ellisburg","Elmer","Elmwood Park","Elwood","Emerson","Englewood","Englewood Cliffs","Englishtown","Erma","Essex County","Essex Fells","Estell Manor","Ewing","Fair Haven","Fair Lawn","Fairfield","Fairton","Fairview","Fanwood","Farmingdale","Finderne","Flemington","Florence","Florham Park","Folsom","Fords","Forked River","Fort Dix","Fort Lee","Franklin","Franklin Center","Franklin Lakes","Franklin Park","Freehold","Frenchtown","Garfield","Garwood","Gibbsboro","Gibbstown","Gladstone","Glassboro","Glen Gardner","Glen Ridge","Glen Rock","Glendora","Gloucester City","Gloucester County","Golden Triangle","Green Knoll","Greentree","Groveville","Guttenberg","Hackensack","Hackettstown","Haddon Heights","Haddonfield","Haledon","Hamburg","Hamilton Square","Hammonton","Hampton","Hanover","Hardwick","Harrington Park","Harrison","Hasbrouck Heights","Haworth","Hawthorne","Hazlet Township","Heathcote","Helmetta","High Bridge","Highland Lake","Highland Park","Highlands","Hightstown","Hillsborough","Hillsdale","Hillside","Ho-Ho-Kus","Hoboken","Holiday City South","Holiday City-Berkeley","Holiday Heights","Hopatcong","Hopatcong Hills","Hopewell","Hudson County","Hunterdon County","Irvington","Iselin","Island Heights","Jackson","Jamesburg","Jersey City","Keansburg","Kearny","Kendall Park","Kenilworth","Kenvil","Keyport","Kingston","Kingston Estates","Kinnelon","Lake Como","Lake Mohawk","Lake Telemark","Lakehurst","Lakewood","Lambertville","Landing","Laurel Lake","Laurel Springs","Laurence Harbor","Lavallette","Lawnside","Lawrenceville","Lebanon","Leisure Knoll","Leisure Village","Leisure Village East","Leisure Village West-Pine Lake Park","Leisuretowne","Leonardo","Leonia","Lincoln Park","Lincroft","Linden","Lindenwold","Linwood","Little Falls","Little Ferry","Little Silver","Livingston","Lodi","Long Branch","Long Valley","Lyndhurst","Madison","Madison Park","Magnolia","Mahwah","Manahawkin","Manasquan","Mantua Township","Manville","Maple Shade","Maplewood","Margate City","Marlboro","Marlton","Martinsville","Matawan","Mays Landing","Maywood","McGuire AFB","Medford Lakes","Mendham","Mercer County","Mercerville","Mercerville-Hamilton Square","Merchantville","Metuchen","Middlebush","Middlesex","Middlesex County","Midland Park","Milford","Milltown","Millville","Monmouth Beach","Monmouth County","Monmouth Junction","Montclair","Montgomery","Montvale","Moonachie","Moorestown-Lenola","Morganville","Morris County","Morris Plains","Morristown","Mount Arlington","Mount Ephraim","Mount Holly","Mount Laurel","Mountain Lakes","Mountainside","Mullica Hill","Mystic Island","National Park","Navesink","Neptune City","Netcong","New Brunswick","New Egypt","New Milford","New Providence","Newark","Newfield","Newton","North Arlington","North Beach Haven","North Bergen","North Caldwell","North Cape May","North Haledon","North Middletown","North Plainfield","North Wildwood","Northfield","Northvale","Norwood","Nutley","Oak Valley","Oakhurst","Oakland","Oaklyn","Ocean Acres","Ocean City","Ocean County","Ocean Gate","Ocean Grove","Oceanport","Ogdensburg","Old Bridge","Old Tappan","Olivet","Oradell","Orange","Oxford","Palisades Park","Palmyra","Paramus","Park Ridge","Parsippany","Passaic","Passaic County","Paterson","Paulsboro","Peapack","Pemberton","Pemberton Heights","Pennington","Penns Grove","Pennsauken","Pennsville","Perth Amboy","Phillipsburg","Pine Beach","Pine Hill","Pine Lake Park","Pine Ridge at Crestwood","Piscataway","Pitman","Plainfield","Plainsboro Center","Pleasantville","Point Pleasant","Point Pleasant Beach","Pomona","Pompton Lakes","Port Monmouth","Port Norris","Port Reading","Port Republic","Presidential Lakes Estates","Princeton","Princeton Junction","Princeton Meadows","Prospect Park","Rahway","Ramblewood","Ramsey","Ramtown","Randolph","Raritan","Red Bank","Richwood","Ridgefield","Ridgefield Park","Ridgewood","Ringwood","Rio Grande","River Edge","River Vale","Riverdale","Riverton","Robbinsville","Robertsville","Rochelle Park","Rockaway","Roebling","Roseland","Roselle","Roselle Park","Rosenhayn","Rossmoor","Rumson","Runnemede","Rutherford","Saddle Brook","Saddle River","Salem","Salem County","Sayreville","Sayreville Junction","Scotch Plains","Sea Bright","Sea Girt","Sea Isle City","Seabrook Farms","Seaside Heights","Seaside Park","Secaucus","Sewaren","Shark River Hills","Ship Bottom","Short Hills","Shrewsbury","Sicklerville","Silver Ridge","Singac","Sixmile Run","Smithville","Society Hill","Somerdale","Somers Point","Somerset","Somerset County","Somerville","South Amboy","South Belmar","South Bound Brook","South Old Bridge","South Orange","South Plainfield","South River","South Toms River","South Vineland","Sparta","Spotswood","Spring Lake","Spring Lake Heights","Springdale","Springfield","Stanhope","Stratford","Strathmore","Succasunna","Summit","Surf City","Sussex","Sussex County","Swedesboro","Teaneck","Ten Mile Run","Tenafly","Tinton Falls","Toms River","Totowa","Trenton","Tuckerton","Turnersville","Twin Rivers","Union","Union Beach","Union County","Upper Montclair","Upper Pohatcong","Upper Saddle River","Ventnor City","Vernon Center","Vernon Valley","Verona","Victory Gardens","Victory Lakes","Villas","Vincentown","Vineland","Vista Center","Voorhees","Waldwick","Wallington","Wanamassa","Wanaque","Waretown","Warren County","Warren Township","Washington","Watchung","Wayne","Weehawken","Wenonah","West Belmar","West Cape May","West Freehold","West Long Branch","West Milford","West New York","West Orange","Westfield","Weston","Westville","Westwood","Wharton","White Horse","White Meadow Lake","Whitehouse Station","Whitesboro","Whitesboro-Burleigh","Whittingham","Wildwood","Wildwood Crest","Williamstown","Willingboro","Winfield","Wood-Lynne","Wood-Ridge","Woodbine","Woodbridge","Woodbury","Woodbury Heights","Woodcliff Lake","Woodland Park","Woodstown","Wyckoff","Yardville","Yorketown"]