["Adamsville","Alamo","Alcoa","Algood","Altamont","Anderson County","Apison","Ardmore","Arlington","Ashland City","Athens","Atoka","Banner Hill","Bartlett","Baxter","Bean Station","Bedford County","Belle Meade","Bells","Benton","Benton County","Blaine","Bledsoe County","Bloomingdale","Blount County","Blountville","Bluff City","Bolivar","Bon Aqua Junction","Bradford","Bradley County","Brentwood","Brentwood Estates","Brighton","Bristol","Brownsville","Bruceton","Burns","Byrdstown","Camden","Campbell County","Cannon County","Carroll County","Carter County","Carthage","Caryville","Celina","Centerville","Central","Chapel Hill","Charlotte","Chattanooga","Cheatham County","Chester County","Christiana","Church Hill","Claiborne County","Clarksville","Clay County","Cleveland","Clifton","Clinton","Coalfield","Cocke County","Coffee County","Collegedale","Collierville","Colonial Heights","Columbia","Condon","Cookeville","Coopertown","Cornersville","Covington","Cowan","Crockett County","Cross Plains","Crossville","Crump","Cumberland County","Dandridge","Davidson County","Dayton","Decatur","Decatur County","Decaturville","Decherd","DeKalb County","Dickson","Dickson County","Dodson Branch","Dover","Dresden","Dunlap","Dyer","Dyer County","Dyersburg","Eagleton Village","East Brainerd","East Chattanooga","East Cleveland","East Ridge","Elizabethton","Englewood","Erin","Erwin","Estill Springs","Etowah","Fairfield Glade","Fairmount","Fairview","Fall Branch","Falling Water","Farragut","Fayette County","Fayetteville","Fentress County","Fincastle","Forest Hills","Franklin","Franklin County","Gainesboro","Gallatin","Gatlinburg","Germantown","Gibson County","Giles County","Gleason","Goodlettsville","Gordonsville","Grainger County","Gray","Graysville","Green Hill","Greenback","Greenbrier","Greene County","Greeneville","Greenfield","Grimsley","Gruetli-Laager","Grundy County","Halls","Hamblen County","Hamilton County","Hancock County","Hardeman County","Hardin County","Harriman","Harrison","Harrogate","Hartsville","Hawkins County","Haywood County","Henderson","Henderson County","Hendersonville","Henry County","Hickman County","Hickory Withe","Hohenwald","Hopewell","Houston County","Humboldt","Humphreys County","Hunter","Huntingdon","Huntsville","Jacksboro","Jackson","Jackson County","Jamestown","Jasper","Jefferson City","Jefferson County","Jellico","Johnson City","Johnson County","Johnsonville","Jonesborough","Kenton","Kimball","Kingsport","Kingston","Kingston Springs","Knox County","Knoxville","La Vergne","Lafayette","LaFollette","Lake County","Lake Tansi","Lakeland","Lakesite","Lakewood","Lauderdale County","Lawrence County","Lawrenceburg","Lebanon","Lenoir City","Lewis County","Lewisburg","Lexington","Lincoln County","Linden","Livingston","Lone Oak","Lookout Mountain","Loretto","Loudon","Loudon County","Louisville","Luttrell","Lynchburg","Macon County","Madison County","Madisonville","Manchester","Marion County","Marshall County","Martin","Maryville","Mascot","Mason","Maury County","Maynardville","McEwen","McKenzie","McMinn County","McMinnville","McNairy County","Medina","Meigs County","Memphis","Middle Valley","Midtown","Midway","Milan","Millersville","Millington","Monroe County","Monteagle","Monterey","Montgomery County","Moore County","Morgan County","Morristown","Mosheim","Mount Carmel","Mount Juliet","Mount Pleasant","Mountain City","Mowbray Mountain","Munford","Murfreesboro","Nashville","New Hope","New Johnsonville","New Market","New South Memphis","New Tazewell","New Union","Newbern","Newport","Nolensville","Norris","Oak Grove","Oak Hill","Oak Ridge","Oakland","Obion","Obion County","Oliver Springs","Olivet","Oneida","Overton County","Paris","Park City","Parsons","Pegram","Perry County","Pickett County","Pigeon Forge","Pikeville","Pine Crest","Piperton","Plainview","Pleasant View","Polk County","Portland","Powells Crossroads","Pulaski","Putnam County","Red Bank","Red Boiling Springs","Rhea County","Ridgely","Ridgetop","Ripley","Roan Mountain","Roane County","Robertson County","Rockwood","Rocky Top","Rogersville","Rural Hill","Rutherford","Rutherford County","Rutledge","Sale Creek","Savannah","Scott County","Selmer","Sequatchie County","Sevier County","Sevierville","Sewanee","Seymour","Shackle Island","Shelby County","Shelbyville","Signal Mountain","Smith County","Smithville","Smyrna","Sneedville","Soddy-Daisy","Somerville","South Carthage","South Cleveland","South Fulton","South Pittsburg","Sparta","Spencer","Spring City","Spring Hill","Springfield","Spurgeon","Stewart County","Sullivan County","Sumner County","Surgoinsville","Sweetwater","Tazewell","Tellico Village","Tennessee Ridge","Thompson's Station","Three Way","Tipton County","Tiptonville","Tracy City","Trenton","Trousdale County","Troy","Tullahoma","Tusculum","Unicoi","Unicoi County","Union City","Union County","Unionville","Van Buren County","Vonore","Walden","Walling","Walnut Hill","Warren County","Wartburg","Washington County","Watertown","Waverly","Wayne County","Waynesboro","Weakley County","Westmoreland","White Bluff","White County","White House","White Pine","Whiteville","Whitwell","Wildwood","Wildwood Lake","Williamson County","Wilson County","Winchester","Woodbury"]