["Adair County","Adrian","Advance","Affton","Albany","Alton","Anderson","Andrew County","Appleton City","Archie","Arnold","Ash Grove","Ashland","Atchison County","Audrain County","Aurora","Ava","Ballwin","Barnhart","Barry County","Barton County","Bates County","Battlefield","Bel-Nor","Bel-Ridge","Belle","Bellefontaine Neighbors","Belton","Benton","Benton County","Berkeley","Bernie","Bethany","Billings","Bismarck","Black Jack","Bloomfield","Blue Springs","Bolivar","Bollinger County","Bonne Terre","Boone County","Boonville","Bourbon","Bowling Green","Branson","Breckenridge Hills","Brentwood","Bridgeton","Brookfield","Buchanan County","Buckner","Buffalo","Butler","Butler County","Byrnes Mill","Cabool","Caldwell County","California","Callaway County","Calverton Park","Camden County","Camdenton","Cameron","Campbell","Canton","Cape Girardeau","Cape Girardeau County","Carl Junction","Carroll County","Carrollton","Carter County","Carterville","Carthage","Caruthersville","Cass County","Cassville","Castle Point","Cedar County","Cedar Hill","Centerville","Centralia","Chaffee","Chariton County","Charlack","Charleston","Chesterfield","Chillicothe","Christian County","Clark County","Clarkson Valley","Clarkton","Clay County","Claycomo","Clayton","Clever","Clinton","Clinton County","Cole Camp","Cole County","Columbia","Concord","Concordia","Cool Valley","Cooper County","Cottleville","Country Club Hills","Country Club Village","Crane","Crawford County","Crestwood","Creve Coeur","Crocker","Crystal City","Cuba","Dade County","Dallas County","Dardenne Prairie","Daviess County","De Soto","DeKalb County","Dellwood","Dent County","Des Peres","Desloge","Dexter","Dixon","Doniphan","Douglas County","Duenweg","Dunklin County","Duquesne","East Independence","East Prairie","Edina","El Dorado Springs","Eldon","Ellisville","Elsberry","Elvins","Eminence","Esther","Eureka","Excelsior Springs","Fair Grove","Farmington","Fayette","Fenton","Ferguson","Festus","Flat River","Florissant","Forsyth","Fort Leonard Wood","Four Seasons","Franklin County","Fredericktown","Frontenac","Fulton","Gainesville","Galena","Gallatin","Garden City","Gasconade County","Gentry County","Gerald","Gideon","Gladstone","Glasgow","Glendale","Goodman","Gower","Grain Valley","Granby","Grandview","Grant City","Gray Summit","Green Park","Greene County","Greenfield","Greenville","Greenwood","Grundy County","Hallsville","Hamilton","Hanley Hills","Hannibal","Harrison County","Harrisonville","Hartville","Hayti","Hazelwood","Henry County","Herculaneum","Hermann","Hermitage","Hickory County","Higginsville","High Ridge","Hillsboro","Hillsdale","Holden","Hollister","Holt County","Holts Summit","Houston","Howard County","Howell County","Humansville","Huntsville","Imperial","Independence","Iron County","Ironton","Jackson","Jackson County","Jasper County","Jefferson City","Jefferson County","Jennings","Johnson County","Joplin","Kahoka","Kansas City","Kearney","Kennett","Keytesville","Kimberling City","King City","Kingston","Kirksville","Kirkwood","Kissee Mills","Knob Noster","Knox County","La Monte","La Plata","LaBarque Creek","Laclede County","Ladue","Lafayette County","Lake Lotawana","Lake Ozark","Lake Saint Louis","Lake Winnebago","Lakeshire","Lamar","Lancaster","Lathrop","Lawrence County","Lawson","Leadwood","Lebanon","Lee's Summit","Lemay","Lewis County","Lexington","Liberty","Licking","Lilbourn","Lincoln","Lincoln County","Linn","Linn County","Linneus","Livingston County","Lone Jack","Louisiana","Macon","Macon County","Madison County","Malden","Manchester","Mansfield","Maplewood","Marble Hill","Marceline","Maries County","Marion County","Marionville","Marlborough","Marshall","Marshfield","Marthasville","Maryland Heights","Maryville","Maysville","McDonald County","Mehlville","Memphis","Mercer County","Merriam Woods","Mexico","Milan","Miller County","Mississippi County","Moberly","Moline Acres","Monett","Moniteau County","Monroe City","Monroe County","Montgomery City","Montgomery County","Monticello","Morgan County","Moscow Mills","Mound City","Mount Vernon","Mountain Grove","Mountain View","Murphy","Neosho","Nevada","New Franklin","New Haven","New London","New Madrid","New Madrid County","Newton County","Nixa","Nodaway County","Noel","Normandy","North Kansas City","Northwoods","O'Fallon","Oak Grove","Oakland","Oakville","Odessa","Old Jamestown","Olivette","Oran","Oregon","Oregon County","Oronogo","Osage Beach","Osage County","Osceola","Overland","Owensville","Ozark","Ozark County","Pacific","Pagedale","Palmyra","Paris","Park Hills","Parkville","Peculiar","Pemiscot County","Perry County","Perryville","Pettis County","Pevely","Phelps County","Piedmont","Pierce City","Pike County","Pine Lawn","Pineville","Platte City","Platte County","Plattsburg","Pleasant Hill","Pleasant Valley","Polk County","Poplar Bluff","Portageville","Potosi","Princeton","Pulaski County","Purdy","Putnam County","Ralls County","Randolph County","Ray County","Raymore","Raytown","Republic","Reynolds County","Rich Hill","Richland","Richmond","Richmond Heights","Ripley County","Riverside","Riverview","Rock Hill","Rock Port","Rogersville","Rolla","Saint Ann","Saint Charles","Saint Charles County","Saint Clair","Saint Clair County","Saint Francois County","Saint George","Saint James","Saint John","Saint Johns","Saint Joseph","Saint Louis County","Saint Martins","Saint Paul","Saint Peters","Saint Robert","Sainte Genevieve","Sainte Genevieve County","Salem","Saline County","Salisbury","Sappington","Sarcoxie","Savannah","Schuyler County","Scotland County","Scott City","Scott County","Sedalia","Senath","Seneca","Seymour","Shannon County","Shelbina","Shelby County","Shelbyville","Shell Knob","Shrewsbury","Sikeston","Slater","Smithville","Spanish Lake","Sparta","Springfield","St. Louis","Stanberry","Steele","Steelville","Stockton","Stoddard County","Stone County","Stover","Strafford","Sugar Creek","Sullivan","Sullivan County","Sunset Hills","Sweet Springs","Taney County","Taos","Tarkio","Terre du Lac","Terre Haute","Texas County","Thayer","Tipton","Town and Country","Trenton","Troy","Tuscumbia","Union","Unionville","University City","Valley Park","Van Buren","Vandalia","Velda Village","Velda Village Hills","Vernon County","Versailles","Vienna","Villa Ridge","Vinita Park","Wardsville","Warren County","Warrensburg","Warrenton","Warsaw","Warson Woods","Washington","Washington County","Wayne County","Waynesville","Weatherby Lake","Webb City","Webster County","Webster Groves","Weldon Spring","Wellston","Wellsville","Wentzville","West Plains","Weston","Whiteman Air Force Base","Wildwood","Willard","Willow Springs","Winchester","Windsor","Winfield","Winona","Woodson Terrace","Worth County","Wright City","Wright County"]