[
  {
    "id": 643,
    "name": "Alba Posse",
    "state_id": 3644,
    "state_code": "N",
    "country_id": 11,
    "country_code": "AR",
    "latitude": "-27.56978000",
    "longitude": "-54.68262000",
    "native": null,
    "timezone": "America/Argentina/Buenos_Aires",
    "translations": {}
  },
  {
    "id": 650,
    "name": "Almafuerte",
    "state_id": 3644,
    "state_code": "N",
    "country_id": 11,
    "country_code": "AR",
    "latitude": "-27.50825000",
    "longitude": "-55.40258000",
    "native": null,
    "timezone": "America/Argentina/Buenos_Aires",
    "translations": {}
  },
  {
    "id": 669,
    "name": "Aristóbulo del Valle",
    "state_id": 3644,
    "state_code": "N",
    "country_id": 11,
    "country_code": "AR",
    "latitude": "-27.09625000",
    "longitude": "-54.89626000",
    "native": null,
    "timezone": "America/Argentina/Buenos_Aires",
    "translations": {}
  },
  {
    "id": 674,
    "name": "Arroyo del Medio",
    "state_id": 3644,
    "state_code": "N",
    "country_id": 11,
    "country_code": "AR",
    "latitude": "-27.69748000",
    "longitude": "-55.40376000",
    "native": null,
    "timezone": "America/Argentina/Buenos_Aires",
    "translations": {}
  },
  {
    "id": 678,
    "name": "Azara",
    "state_id": 3644,
    "state_code": "N",
    "country_id": 11,
    "country_code": "AR",
    "latitude": "-28.06160000",
    "longitude": "-55.67797000",
    "native": null,
    "timezone": "America/Argentina/Buenos_Aires",
    "translations": {}
  },
  {
    "id": 693,
    "name": "Bernardo de Irigoyen",
    "state_id": 3644,
    "state_code": "N",
    "country_id": 11,
    "country_code": "AR",
    "latitude": "-26.25520000",
    "longitude": "-53.64581000",
    "native": null,
    "timezone": "America/Argentina/Buenos_Aires",
    "translations": {}
  },
  {
    "id": 699,
    "name": "Bonpland",
    "state_id": 3644,
    "state_code": "N",
    "country_id": 11,
    "country_code": "AR",
    "latitude": "-27.48218000",
    "longitude": "-55.47756000",
    "native": null,
    "timezone": "America/Argentina/Buenos_Aires",
    "translations": {}
  },
  {
    "id": 718,
    "name": "Campo Grande",
    "state_id": 3644,
    "state_code": "N",
    "country_id": 11,
    "country_code": "AR",
    "latitude": "-27.20770000",
    "longitude": "-54.97977000",
    "native": null,
    "timezone": "America/Argentina/Buenos_Aires",
    "translations": {}
  },
  {
    "id": 721,
    "name": "Campo Ramón",
    "state_id": 3644,
    "state_code": "N",
    "country_id": 11,
    "country_code": "AR",
    "latitude": "-27.45490000",
    "longitude": "-55.02122000",
    "native": null,
    "timezone": "America/Argentina/Buenos_Aires",
    "translations": {}
  },
  {
    "id": 722,
    "name": "Campo Viera",
    "state_id": 3644,
    "state_code": "N",
    "country_id": 11,
    "country_code": "AR",
    "latitude": "-27.33271000",
    "longitude": "-55.05651000",
    "native": null,
    "timezone": "America/Argentina/Buenos_Aires",
    "translations": {}
  },
  {
    "id": 724,
    "name": "Candelaria",
    "state_id": 3644,
    "state_code": "N",
    "country_id": 11,
    "country_code": "AR",
    "latitude": "-27.45950000",
    "longitude": "-55.74536000",
    "native": null,
    "timezone": "America/Argentina/Buenos_Aires",
    "translations": {}
  },
  {
    "id": 728,
    "name": "Capioví",
    "state_id": 3644,
    "state_code": "N",
    "country_id": 11,
    "country_code": "AR",
    "latitude": "-26.92998000",
    "longitude": "-55.06084000",
    "native": null,
    "timezone": "America/Argentina/Buenos_Aires",
    "translations": {}
  },
  {
    "id": 731,
    "name": "Caraguatay",
    "state_id": 3644,
    "state_code": "N",
    "country_id": 11,
    "country_code": "AR",
    "latitude": "-26.60587000",
    "longitude": "-54.78093000",
    "native": null,
    "timezone": "America/Argentina/Buenos_Aires",
    "translations": {}
  },
  {
    "id": 748,
    "name": "Cerro Azul",
    "state_id": 3644,
    "state_code": "N",
    "country_id": 11,
    "country_code": "AR",
    "latitude": "-27.63310000",
    "longitude": "-55.49620000",
    "native": null,
    "timezone": "America/Argentina/Buenos_Aires",
    "translations": {}
  },
  {
    "id": 749,
    "name": "Cerro Corá",
    "state_id": 3644,
    "state_code": "N",
    "country_id": 11,
    "country_code": "AR",
    "latitude": "-27.51310000",
    "longitude": "-55.60896000",
    "native": null,
    "timezone": "America/Argentina/Buenos_Aires",
    "translations": {}
  },
  {
    "id": 774,
    "name": "Colonia Aurora",
    "state_id": 3644,
    "state_code": "N",
    "country_id": 11,
    "country_code": "AR",
    "latitude": "-27.47428000",
    "longitude": "-54.52498000",
    "native": null,
    "timezone": "America/Argentina/Buenos_Aires",
    "translations": {}
  },
  {
    "id": 790,
    "name": "Concepción de la Sierra",
    "state_id": 3644,
    "state_code": "N",
    "country_id": 11,
    "country_code": "AR",
    "latitude": "-27.98311000",
    "longitude": "-55.52031000",
    "native": null,
    "timezone": "America/Argentina/Buenos_Aires",
    "translations": {}
  },
  {
    "id": 830,
    "name": "Departamento de Apóstoles",
    "state_id": 3644,
    "state_code": "N",
    "country_id": 11,
    "country_code": "AR",
    "latitude": "-27.91667000",
    "longitude": "-55.75000000",
    "native": null,
    "timezone": "America/Argentina/Buenos_Aires",
    "translations": {}
  },
  {
    "id": 841,
    "name": "Departamento de Cainguás",
    "state_id": 3644,
    "state_code": "N",
    "country_id": 11,
    "country_code": "AR",
    "latitude": "-27.16667000",
    "longitude": "-54.83333000",
    "native": null,
    "timezone": "America/Argentina/Buenos_Aires",
    "translations": {}
  },
  {
    "id": 845,
    "name": "Departamento de Candelaria",
    "state_id": 3644,
    "state_code": "N",
    "country_id": 11,
    "country_code": "AR",
    "latitude": "-27.50000000",
    "longitude": "-55.50000000",
    "native": null,
    "timezone": "America/Argentina/Buenos_Aires",
    "translations": {}
  },
  {
    "id": 848,
    "name": "Departamento de Capital",
    "state_id": 3644,
    "state_code": "N",
    "country_id": 11,
    "country_code": "AR",
    "latitude": "-27.50000000",
    "longitude": "-55.83333000",
    "native": null,
    "timezone": "America/Argentina/Buenos_Aires",
    "translations": {}
  },
  {
    "id": 867,
    "name": "Departamento de Concepción de la Sierra",
    "state_id": 3644,
    "state_code": "N",
    "country_id": 11,
    "country_code": "AR",
    "latitude": "-27.83333000",
    "longitude": "-55.41667000",
    "native": null,
    "timezone": "America/Argentina/Buenos_Aires",
    "translations": {}
  },
  {
    "id": 878,
    "name": "Departamento de Eldorado",
    "state_id": 3644,
    "state_code": "N",
    "country_id": 11,
    "country_code": "AR",
    "latitude": "-26.25000000",
    "longitude": "-54.41667000",
    "native": null,
    "timezone": "America/Argentina/Buenos_Aires",
    "translations": {}
  },
  {
    "id": 894,
    "name": "Departamento de General Manuel Belgrano",
    "state_id": 3644,
    "state_code": "N",
    "country_id": 11,
    "country_code": "AR",
    "latitude": "-26.16667000",
    "longitude": "-53.91667000",
    "native": null,
    "timezone": "America/Argentina/Buenos_Aires",
    "translations": {}
  },
  {
    "id": 903,
    "name": "Departamento de Guaraní",
    "state_id": 3644,
    "state_code": "N",
    "country_id": 11,
    "country_code": "AR",
    "latitude": "-27.16667000",
    "longitude": "-54.16667000",
    "native": null,
    "timezone": "America/Argentina/Buenos_Aires",
    "translations": {}
  },
  {
    "id": 908,
    "name": "Departamento de Iguazú",
    "state_id": 3644,
    "state_code": "N",
    "country_id": 11,
    "country_code": "AR",
    "latitude": "-25.86667000",
    "longitude": "-54.36667000",
    "native": null,
    "timezone": "America/Argentina/Buenos_Aires",
    "translations": {}
  },
  {
    "id": 927,
    "name": "Departamento de Leandro N. Alem",
    "state_id": 3644,
    "state_code": "N",
    "country_id": 11,
    "country_code": "AR",
    "latitude": "-27.56667000",
    "longitude": "-55.33333000",
    "native": null,
    "timezone": "America/Argentina/Buenos_Aires",
    "translations": {}
  },
  {
    "id": 929,
    "name": "Departamento de Libertador General San Martín",
    "state_id": 3644,
    "state_code": "N",
    "country_id": 11,
    "country_code": "AR",
    "latitude": "-26.91667000",
    "longitude": "-54.91667000",
    "native": null,
    "timezone": "America/Argentina/Buenos_Aires",
    "translations": {}
  },
  {
    "id": 946,
    "name": "Departamento de Montecarlo",
    "state_id": 3644,
    "state_code": "N",
    "country_id": 11,
    "country_code": "AR",
    "latitude": "-26.71667000",
    "longitude": "-54.58333000",
    "native": null,
    "timezone": "America/Argentina/Buenos_Aires",
    "translations": {}
  },
  {
    "id": 953,
    "name": "Departamento de Oberá",
    "state_id": 3644,
    "state_code": "N",
    "country_id": 11,
    "country_code": "AR",
    "latitude": "-27.55000000",
    "longitude": "-55.08333000",
    "native": null,
    "timezone": "America/Argentina/Buenos_Aires",
    "translations": {}
  },
  {
    "id": 987,
    "name": "Departamento de San Ignacio",
    "state_id": 3644,
    "state_code": "N",
    "country_id": 11,
    "country_code": "AR",
    "latitude": "-27.25000000",
    "longitude": "-55.33333000",
    "native": null,
    "timezone": "America/Argentina/Buenos_Aires",
    "translations": {}
  },
  {
    "id": 989,
    "name": "Departamento de San Javier",
    "state_id": 3644,
    "state_code": "N",
    "country_id": 11,
    "country_code": "AR",
    "latitude": "-27.77806000",
    "longitude": "-55.13004000",
    "native": null,
    "timezone": "America/Argentina/Buenos_Aires",
    "translations": {}
  },
  {
    "id": 1002,
    "name": "Departamento de San Pedro",
    "state_id": 3644,
    "state_code": "N",
    "country_id": 11,
    "country_code": "AR",
    "latitude": "-26.66667000",
    "longitude": "-54.00000000",
    "native": null,
    "timezone": "America/Argentina/Buenos_Aires",
    "translations": {}
  },
  {
    "id": 1031,
    "name": "Departamento de Veinticinco de Mayo",
    "state_id": 3644,
    "state_code": "N",
    "country_id": 11,
    "country_code": "AR",
    "latitude": "-27.41667000",
    "longitude": "-54.66667000",
    "native": null,
    "timezone": "America/Argentina/Buenos_Aires",
    "translations": {}
  },
  {
    "id": 1044,
    "name": "Dos Arroyos",
    "state_id": 3644,
    "state_code": "N",
    "country_id": 11,
    "country_code": "AR",
    "latitude": "-27.69946000",
    "longitude": "-55.25207000",
    "native": null,
    "timezone": "America/Argentina/Buenos_Aires",
    "translations": {}
  },
  {
    "id": 1045,
    "name": "Dos de Mayo",
    "state_id": 3644,
    "state_code": "N",
    "country_id": 11,
    "country_code": "AR",
    "latitude": "-27.02277000",
    "longitude": "-54.68669000",
    "native": null,
    "timezone": "America/Argentina/Buenos_Aires",
    "translations": {}
  },
  {
    "id": 1048,
    "name": "El Alcázar",
    "state_id": 3644,
    "state_code": "N",
    "country_id": 11,
    "country_code": "AR",
    "latitude": "-26.71459000",
    "longitude": "-54.81523000",
    "native": null,
    "timezone": "America/Argentina/Buenos_Aires",
    "translations": {}
  },
  {
    "id": 1061,
    "name": "El Soberbio",
    "state_id": 3644,
    "state_code": "N",
    "country_id": 11,
    "country_code": "AR",
    "latitude": "-27.29847000",
    "longitude": "-54.19877000",
    "native": null,
    "timezone": "America/Argentina/Buenos_Aires",
    "translations": {}
  },
  {
    "id": 1080,
    "name": "Florentino Ameghino",
    "state_id": 3644,
    "state_code": "N",
    "country_id": 11,
    "country_code": "AR",
    "latitude": "-27.56667000",
    "longitude": "-55.13333000",
    "native": null,
    "timezone": "America/Argentina/Buenos_Aires",
    "translations": {}
  },
  {
    "id": 1090,
    "name": "Garuhapé",
    "state_id": 3644,
    "state_code": "N",
    "country_id": 11,
    "country_code": "AR",
    "latitude": "-26.81768000",
    "longitude": "-54.95665000",
    "native": null,
    "timezone": "America/Argentina/Buenos_Aires",
    "translations": {}
  },
  {
    "id": 1091,
    "name": "Garupá",
    "state_id": 3644,
    "state_code": "N",
    "country_id": 11,
    "country_code": "AR",
    "latitude": "-27.48171000",
    "longitude": "-55.82921000",
    "native": null,
    "timezone": "America/Argentina/Buenos_Aires",
    "translations": {}
  },
  {
    "id": 1095,
    "name": "General Alvear",
    "state_id": 3644,
    "state_code": "N",
    "country_id": 11,
    "country_code": "AR",
    "latitude": "-27.42611000",
    "longitude": "-55.16916000",
    "native": null,
    "timezone": "America/Argentina/Buenos_Aires",
    "translations": {}
  },
  {
    "id": 1120,
    "name": "Gobernador Roca",
    "state_id": 3644,
    "state_code": "N",
    "country_id": 11,
    "country_code": "AR",
    "latitude": "-27.18636000",
    "longitude": "-55.46433000",
    "native": null,
    "timezone": "America/Argentina/Buenos_Aires",
    "translations": {}
  },
  {
    "id": 1128,
    "name": "Guaraní",
    "state_id": 3644,
    "state_code": "N",
    "country_id": 11,
    "country_code": "AR",
    "latitude": "-27.52323000",
    "longitude": "-55.16077000",
    "native": null,
    "timezone": "America/Argentina/Buenos_Aires",
    "translations": {}
  },
  {
    "id": 1166,
    "name": "Jardín América",
    "state_id": 3644,
    "state_code": "N",
    "country_id": 11,
    "country_code": "AR",
    "latitude": "-27.04346000",
    "longitude": "-55.22698000",
    "native": null,
    "timezone": "America/Argentina/Buenos_Aires",
    "translations": {}
  },
  {
    "id": 1241,
    "name": "Loreto",
    "state_id": 3644,
    "state_code": "N",
    "country_id": 11,
    "country_code": "AR",
    "latitude": "-27.33177000",
    "longitude": "-55.52499000",
    "native": null,
    "timezone": "America/Argentina/Buenos_Aires",
    "translations": {}
  },
  {
    "id": 1250,
    "name": "Los Helechos",
    "state_id": 3644,
    "state_code": "N",
    "country_id": 11,
    "country_code": "AR",
    "latitude": "-27.55051000",
    "longitude": "-55.07908000",
    "native": null,
    "timezone": "America/Argentina/Buenos_Aires",
    "translations": {}
  },
  {
    "id": 1295,
    "name": "Mártires",
    "state_id": 3644,
    "state_code": "N",
    "country_id": 11,
    "country_code": "AR",
    "latitude": "-27.42265000",
    "longitude": "-55.37659000",
    "native": null,
    "timezone": "America/Argentina/Buenos_Aires",
    "translations": {}
  },
  {
    "id": 1285,
    "name": "Mojón Grande",
    "state_id": 3644,
    "state_code": "N",
    "country_id": 11,
    "country_code": "AR",
    "latitude": "-27.71165000",
    "longitude": "-55.15631000",
    "native": null,
    "timezone": "America/Argentina/Buenos_Aires",
    "translations": {}
  },
  {
    "id": 1290,
    "name": "Montecarlo",
    "state_id": 3644,
    "state_code": "N",
    "country_id": 11,
    "country_code": "AR",
    "latitude": "-26.56620000",
    "longitude": "-54.75700000",
    "native": null,
    "timezone": "America/Argentina/Buenos_Aires",
    "translations": {}
  },
  {
    "id": 1304,
    "name": "Oberá",
    "state_id": 3644,
    "state_code": "N",
    "country_id": 11,
    "country_code": "AR",
    "latitude": "-27.48706000",
    "longitude": "-55.11994000",
    "native": null,
    "timezone": "America/Argentina/Buenos_Aires",
    "translations": {}
  },
  {
    "id": 1318,
    "name": "Panambí",
    "state_id": 3644,
    "state_code": "N",
    "country_id": 11,
    "country_code": "AR",
    "latitude": "-27.72369000",
    "longitude": "-54.91515000",
    "native": null,
    "timezone": "America/Argentina/Buenos_Aires",
    "translations": {}
  },
  {
    "id": 1328,
    "name": "Picada Gobernador López",
    "state_id": 3644,
    "state_code": "N",
    "country_id": 11,
    "country_code": "AR",
    "latitude": "-27.67069000",
    "longitude": "-55.24585000",
    "native": null,
    "timezone": "America/Argentina/Buenos_Aires",
    "translations": {}
  },
  {
    "id": 1342,
    "name": "Posadas",
    "state_id": 3644,
    "state_code": "N",
    "country_id": 11,
    "country_code": "AR",
    "latitude": "-27.36708000",
    "longitude": "-55.89608000",
    "native": null,
    "timezone": "America/Argentina/Buenos_Aires",
    "translations": {}
  },
  {
    "id": 1353,
    "name": "Puerto Eldorado",
    "state_id": 3644,
    "state_code": "N",
    "country_id": 11,
    "country_code": "AR",
    "latitude": "-26.40843000",
    "longitude": "-54.69463000",
    "native": null,
    "timezone": "America/Argentina/Buenos_Aires",
    "translations": {}
  },
  {
    "id": 1354,
    "name": "Puerto Esperanza",
    "state_id": 3644,
    "state_code": "N",
    "country_id": 11,
    "country_code": "AR",
    "latitude": "-26.02267000",
    "longitude": "-54.61356000",
    "native": null,
    "timezone": "America/Argentina/Buenos_Aires",
    "translations": {}
  },
  {
    "id": 1356,
    "name": "Puerto Iguazú",
    "state_id": 3644,
    "state_code": "N",
    "country_id": 11,
    "country_code": "AR",
    "latitude": "-25.59912000",
    "longitude": "-54.57355000",
    "native": null,
    "timezone": "America/Argentina/Buenos_Aires",
    "translations": {}
  },
  {
    "id": 1357,
    "name": "Puerto Leoni",
    "state_id": 3644,
    "state_code": "N",
    "country_id": 11,
    "country_code": "AR",
    "latitude": "-26.98762000",
    "longitude": "-55.16569000",
    "native": null,
    "timezone": "America/Argentina/Buenos_Aires",
    "translations": {}
  },
  {
    "id": 1358,
    "name": "Puerto Libertad",
    "state_id": 3644,
    "state_code": "N",
    "country_id": 11,
    "country_code": "AR",
    "latitude": "-25.91958000",
    "longitude": "-54.58229000",
    "native": null,
    "timezone": "America/Argentina/Buenos_Aires",
    "translations": {}
  },
  {
    "id": 1360,
    "name": "Puerto Piray",
    "state_id": 3644,
    "state_code": "N",
    "country_id": 11,
    "country_code": "AR",
    "latitude": "-26.46937000",
    "longitude": "-54.70736000",
    "native": null,
    "timezone": "America/Argentina/Buenos_Aires",
    "translations": {}
  },
  {
    "id": 1361,
    "name": "Puerto Rico",
    "state_id": 3644,
    "state_code": "N",
    "country_id": 11,
    "country_code": "AR",
    "latitude": "-26.79598000",
    "longitude": "-55.02402000",
    "native": null,
    "timezone": "America/Argentina/Buenos_Aires",
    "translations": {}
  },
  {
    "id": 1387,
    "name": "Ruiz de Montoya",
    "state_id": 3644,
    "state_code": "N",
    "country_id": 11,
    "country_code": "AR",
    "latitude": "-26.98333000",
    "longitude": "-55.05000000",
    "native": null,
    "timezone": "America/Argentina/Buenos_Aires",
    "translations": {}
  },
  {
    "id": 1429,
    "name": "San José",
    "state_id": 3644,
    "state_code": "N",
    "country_id": 11,
    "country_code": "AR",
    "latitude": "-27.76979000",
    "longitude": "-55.78260000",
    "native": null,
    "timezone": "America/Argentina/Buenos_Aires",
    "translations": {}
  },
  {
    "id": 1446,
    "name": "San Pedro",
    "state_id": 3644,
    "state_code": "N",
    "country_id": 11,
    "country_code": "AR",
    "latitude": "-26.62207000",
    "longitude": "-54.10842000",
    "native": null,
    "timezone": "America/Argentina/Buenos_Aires",
    "translations": {}
  },
  {
    "id": 1452,
    "name": "San Vicente",
    "state_id": 3644,
    "state_code": "N",
    "country_id": 11,
    "country_code": "AR",
    "latitude": "-26.61667000",
    "longitude": "-54.13333000",
    "native": null,
    "timezone": "America/Argentina/Buenos_Aires",
    "translations": {}
  },
  {
    "id": 1463,
    "name": "Santa María",
    "state_id": 3644,
    "state_code": "N",
    "country_id": 11,
    "country_code": "AR",
    "latitude": "-27.93490000",
    "longitude": "-55.40742000",
    "native": null,
    "timezone": "America/Argentina/Buenos_Aires",
    "translations": {}
  },
  {
    "id": 1474,
    "name": "Santo Pipó",
    "state_id": 3644,
    "state_code": "N",
    "country_id": 11,
    "country_code": "AR",
    "latitude": "-27.14132000",
    "longitude": "-55.40867000",
    "native": null,
    "timezone": "America/Argentina/Buenos_Aires",
    "translations": {}
  },
  {
    "id": 1514,
    "name": "Tres Capones",
    "state_id": 3644,
    "state_code": "N",
    "country_id": 11,
    "country_code": "AR",
    "latitude": "-28.00641000",
    "longitude": "-55.60471000",
    "native": null,
    "timezone": "America/Argentina/Buenos_Aires",
    "translations": {}
  },
  {
    "id": 1528,
    "name": "Veinticinco de Mayo",
    "state_id": 3644,
    "state_code": "N",
    "country_id": 11,
    "country_code": "AR",
    "latitude": "-27.37679000",
    "longitude": "-54.74312000",
    "native": null,
    "timezone": "America/Argentina/Buenos_Aires",
    "translations": {}
  },
  {
    "id": 1590,
    "name": "Wanda",
    "state_id": 3644,
    "state_code": "N",
    "country_id": 11,
    "country_code": "AR",
    "latitude": "-25.96879000",
    "longitude": "-54.56285000",
    "native": null,
    "timezone": "America/Argentina/Buenos_Aires",
    "translations": {}
  }
]