[
  {
    "id": 143783,
    "name": "Albeck",
    "state_id": 2057,
    "state_code": "2",
    "country_id": 15,
    "country_code": "AT",
    "latitude": "46.81666667",
    "longitude": "14.10000000",
    "native": null,
    "timezone": "Europe/Vienna",
    "translations": {}
  },
  {
    "id": 1646,
    "name": "Althofen",
    "state_id": 2057,
    "state_code": "2",
    "country_id": 15,
    "country_code": "AT",
    "latitude": "46.87298000",
    "longitude": "14.47449000",
    "native": null,
    "timezone": "Europe/Vienna",
    "translations": {}
  },
  {
    "id": 1668,
    "name": "Annabichl",
    "state_id": 2057,
    "state_code": "2",
    "country_id": 15,
    "country_code": "AT",
    "latitude": "46.65000000",
    "longitude": "14.31667000",
    "native": null,
    "timezone": "Europe/Vienna",
    "translations": {}
  },
  {
    "id": 1679,
    "name": "Arnoldstein",
    "state_id": 2057,
    "state_code": "2",
    "country_id": 15,
    "country_code": "AT",
    "latitude": "46.54611000",
    "longitude": "13.71000000",
    "native": null,
    "timezone": "Europe/Vienna",
    "translations": {}
  },
  {
    "id": 1681,
    "name": "Arriach",
    "state_id": 2057,
    "state_code": "2",
    "country_id": 15,
    "country_code": "AT",
    "latitude": "46.72921000",
    "longitude": "13.85046000",
    "native": null,
    "timezone": "Europe/Vienna",
    "translations": {}
  },
  {
    "id": 1706,
    "name": "Auen",
    "state_id": 2057,
    "state_code": "2",
    "country_id": 15,
    "country_code": "AT",
    "latitude": "46.59963000",
    "longitude": "13.84389000",
    "native": null,
    "timezone": "Europe/Vienna",
    "translations": {}
  },
  {
    "id": 143785,
    "name": "Bad Bleiberg",
    "state_id": 2057,
    "state_code": "2",
    "country_id": 15,
    "country_code": "AT",
    "latitude": "46.62416667",
    "longitude": "13.68777778",
    "native": null,
    "timezone": "Europe/Vienna",
    "translations": {}
  },
  {
    "id": 143786,
    "name": "Bad Eisenkappel",
    "state_id": 2057,
    "state_code": "2",
    "country_id": 15,
    "country_code": "AT",
    "latitude": "46.48333333",
    "longitude": "14.60000000",
    "native": null,
    "timezone": "Europe/Vienna",
    "translations": {}
  },
  {
    "id": 143787,
    "name": "Bad Kleinkirchheim",
    "state_id": 2057,
    "state_code": "2",
    "country_id": 15,
    "country_code": "AT",
    "latitude": "46.81361111",
    "longitude": "13.79277778",
    "native": null,
    "timezone": "Europe/Vienna",
    "translations": {}
  },
  {
    "id": 1733,
    "name": "Bad Sankt Leonhard im Lavanttal",
    "state_id": 2057,
    "state_code": "2",
    "country_id": 15,
    "country_code": "AT",
    "latitude": "46.96278000",
    "longitude": "14.79167000",
    "native": null,
    "timezone": "Europe/Vienna",
    "translations": {}
  },
  {
    "id": 1746,
    "name": "Baldramsdorf",
    "state_id": 2057,
    "state_code": "2",
    "country_id": 15,
    "country_code": "AT",
    "latitude": "46.80111000",
    "longitude": "13.45333000",
    "native": null,
    "timezone": "Europe/Vienna",
    "translations": {}
  },
  {
    "id": 1755,
    "name": "Berg im Drautal",
    "state_id": 2057,
    "state_code": "2",
    "country_id": 15,
    "country_code": "AT",
    "latitude": "46.74915000",
    "longitude": "13.13536000",
    "native": null,
    "timezone": "Europe/Vienna",
    "translations": {}
  },
  {
    "id": 1781,
    "name": "Bleiburg",
    "state_id": 2057,
    "state_code": "2",
    "country_id": 15,
    "country_code": "AT",
    "latitude": "46.59000000",
    "longitude": "14.79889000",
    "native": null,
    "timezone": "Europe/Vienna",
    "translations": {}
  },
  {
    "id": 1788,
    "name": "Bodensdorf",
    "state_id": 2057,
    "state_code": "2",
    "country_id": 15,
    "country_code": "AT",
    "latitude": "46.69111000",
    "longitude": "13.97111000",
    "native": null,
    "timezone": "Europe/Vienna",
    "translations": {}
  },
  {
    "id": 1816,
    "name": "Brückl",
    "state_id": 2057,
    "state_code": "2",
    "country_id": 15,
    "country_code": "AT",
    "latitude": "46.75167000",
    "longitude": "14.53667000",
    "native": null,
    "timezone": "Europe/Vienna",
    "translations": {}
  },
  {
    "id": 1833,
    "name": "Dellach",
    "state_id": 2057,
    "state_code": "2",
    "country_id": 15,
    "country_code": "AT",
    "latitude": "46.66175000",
    "longitude": "13.07965000",
    "native": null,
    "timezone": "Europe/Vienna",
    "translations": {}
  },
  {
    "id": 1834,
    "name": "Dellach im Drautal",
    "state_id": 2057,
    "state_code": "2",
    "country_id": 15,
    "country_code": "AT",
    "latitude": "46.73750000",
    "longitude": "13.07833000",
    "native": null,
    "timezone": "Europe/Vienna",
    "translations": {}
  },
  {
    "id": 1838,
    "name": "Deutsch Griffen",
    "state_id": 2057,
    "state_code": "2",
    "country_id": 15,
    "country_code": "AT",
    "latitude": "46.85606000",
    "longitude": "14.07501000",
    "native": null,
    "timezone": "Europe/Vienna",
    "translations": {}
  },
  {
    "id": 1854,
    "name": "Diex",
    "state_id": 2057,
    "state_code": "2",
    "country_id": 15,
    "country_code": "AT",
    "latitude": "46.75000000",
    "longitude": "14.60000000",
    "native": null,
    "timezone": "Europe/Vienna",
    "translations": {}
  },
  {
    "id": 1871,
    "name": "Döbriach",
    "state_id": 2057,
    "state_code": "2",
    "country_id": 15,
    "country_code": "AT",
    "latitude": "46.78049000",
    "longitude": "13.65738000",
    "native": null,
    "timezone": "Europe/Vienna",
    "translations": {}
  },
  {
    "id": 1866,
    "name": "Draschen",
    "state_id": 2057,
    "state_code": "2",
    "country_id": 15,
    "country_code": "AT",
    "latitude": "46.76909000",
    "longitude": "14.06758000",
    "native": null,
    "timezone": "Europe/Vienna",
    "translations": {}
  },
  {
    "id": 1886,
    "name": "Ebenthal",
    "state_id": 2057,
    "state_code": "2",
    "country_id": 15,
    "country_code": "AT",
    "latitude": "46.60806000",
    "longitude": "14.36417000",
    "native": null,
    "timezone": "Europe/Vienna",
    "translations": {}
  },
  {
    "id": 1890,
    "name": "Eberndorf",
    "state_id": 2057,
    "state_code": "2",
    "country_id": 15,
    "country_code": "AT",
    "latitude": "46.59139000",
    "longitude": "14.64361000",
    "native": null,
    "timezone": "Europe/Vienna",
    "translations": {}
  },
  {
    "id": 1894,
    "name": "Eberstein",
    "state_id": 2057,
    "state_code": "2",
    "country_id": 15,
    "country_code": "AT",
    "latitude": "46.80806000",
    "longitude": "14.56000000",
    "native": null,
    "timezone": "Europe/Vienna",
    "translations": {}
  },
  {
    "id": 143792,
    "name": "Ebriach",
    "state_id": 2057,
    "state_code": "2",
    "country_id": 15,
    "country_code": "AT",
    "latitude": "46.46667000",
    "longitude": "14.51667000",
    "native": null,
    "timezone": "Europe/Vienna",
    "translations": {}
  },
  {
    "id": 143793,
    "name": "Eisenkappel-Vellach",
    "state_id": 2057,
    "state_code": "2",
    "country_id": 15,
    "country_code": "AT",
    "latitude": "46.48638889",
    "longitude": "14.59611111",
    "native": null,
    "timezone": "Europe/Vienna",
    "translations": {}
  },
  {
    "id": 1957,
    "name": "Faak am See",
    "state_id": 2057,
    "state_code": "2",
    "country_id": 15,
    "country_code": "AT",
    "latitude": "46.56806000",
    "longitude": "13.90972000",
    "native": null,
    "timezone": "Europe/Vienna",
    "translations": {}
  },
  {
    "id": 143794,
    "name": "Feffernitz",
    "state_id": 2057,
    "state_code": "2",
    "country_id": 15,
    "country_code": "AT",
    "latitude": "46.68333333",
    "longitude": "13.70000000",
    "native": null,
    "timezone": "Europe/Vienna",
    "translations": {}
  },
  {
    "id": 1966,
    "name": "Feistritz an der Drau",
    "state_id": 2057,
    "state_code": "2",
    "country_id": 15,
    "country_code": "AT",
    "latitude": "46.70157000",
    "longitude": "13.66479000",
    "native": null,
    "timezone": "Europe/Vienna",
    "translations": {}
  },
  {
    "id": 1967,
    "name": "Feistritz an der Gail",
    "state_id": 2057,
    "state_code": "2",
    "country_id": 15,
    "country_code": "AT",
    "latitude": "46.57750000",
    "longitude": "13.60667000",
    "native": null,
    "timezone": "Europe/Vienna",
    "translations": {}
  },
  {
    "id": 1969,
    "name": "Feistritz im Rosental",
    "state_id": 2057,
    "state_code": "2",
    "country_id": 15,
    "country_code": "AT",
    "latitude": "46.51667000",
    "longitude": "14.16667000",
    "native": null,
    "timezone": "Europe/Vienna",
    "translations": {}
  },
  {
    "id": 1970,
    "name": "Feistritz ob Bleiburg",
    "state_id": 2057,
    "state_code": "2",
    "country_id": 15,
    "country_code": "AT",
    "latitude": "46.55000000",
    "longitude": "14.76667000",
    "native": null,
    "timezone": "Europe/Vienna",
    "translations": {}
  },
  {
    "id": 1971,
    "name": "Feld am See",
    "state_id": 2057,
    "state_code": "2",
    "country_id": 15,
    "country_code": "AT",
    "latitude": "46.77639000",
    "longitude": "13.74778000",
    "native": null,
    "timezone": "Europe/Vienna",
    "translations": {}
  },
  {
    "id": 2998,
    "name": "Feldkirchen District",
    "state_id": 2057,
    "state_code": "2",
    "country_id": 15,
    "country_code": "AT",
    "latitude": "46.72127000",
    "longitude": "14.09683000",
    "native": null,
    "timezone": "Europe/Vienna",
    "translations": {}
  },
  {
    "id": 1976,
    "name": "Feldkirchen in Kärnten",
    "state_id": 2057,
    "state_code": "2",
    "country_id": 15,
    "country_code": "AT",
    "latitude": "46.72368000",
    "longitude": "14.09580000",
    "native": null,
    "timezone": "Europe/Vienna",
    "translations": {}
  },
  {
    "id": 1980,
    "name": "Ferlach",
    "state_id": 2057,
    "state_code": "2",
    "country_id": 15,
    "country_code": "AT",
    "latitude": "46.52694000",
    "longitude": "14.30194000",
    "native": null,
    "timezone": "Europe/Vienna",
    "translations": {}
  },
  {
    "id": 1981,
    "name": "Ferndorf",
    "state_id": 2057,
    "state_code": "2",
    "country_id": 15,
    "country_code": "AT",
    "latitude": "46.73651000",
    "longitude": "13.62661000",
    "native": null,
    "timezone": "Europe/Vienna",
    "translations": {}
  },
  {
    "id": 1988,
    "name": "Finkenstein",
    "state_id": 2057,
    "state_code": "2",
    "country_id": 15,
    "country_code": "AT",
    "latitude": "46.56155000",
    "longitude": "13.87086000",
    "native": null,
    "timezone": "Europe/Vienna",
    "translations": {}
  },
  {
    "id": 1989,
    "name": "Finkenstein am Faaker See",
    "state_id": 2057,
    "state_code": "2",
    "country_id": 15,
    "country_code": "AT",
    "latitude": "46.57904000",
    "longitude": "13.93496000",
    "native": null,
    "timezone": "Europe/Vienna",
    "translations": {}
  },
  {
    "id": 1997,
    "name": "Flattach",
    "state_id": 2057,
    "state_code": "2",
    "country_id": 15,
    "country_code": "AT",
    "latitude": "46.93861000",
    "longitude": "13.13444000",
    "native": null,
    "timezone": "Europe/Vienna",
    "translations": {}
  },
  {
    "id": 2033,
    "name": "Föderlach I",
    "state_id": 2057,
    "state_code": "2",
    "country_id": 15,
    "country_code": "AT",
    "latitude": "46.59998000",
    "longitude": "13.96128000",
    "native": null,
    "timezone": "Europe/Vienna",
    "translations": {}
  },
  {
    "id": 143797,
    "name": "Frantschach-Sankt Gertraud",
    "state_id": 2057,
    "state_code": "2",
    "country_id": 15,
    "country_code": "AT",
    "latitude": "46.86111111",
    "longitude": "14.86027778",
    "native": null,
    "timezone": "Europe/Vienna",
    "translations": {}
  },
  {
    "id": 2015,
    "name": "Frauenstein",
    "state_id": 2057,
    "state_code": "2",
    "country_id": 15,
    "country_code": "AT",
    "latitude": "46.81417000",
    "longitude": "14.29417000",
    "native": null,
    "timezone": "Europe/Vienna",
    "translations": {}
  },
  {
    "id": 2021,
    "name": "Fresach",
    "state_id": 2057,
    "state_code": "2",
    "country_id": 15,
    "country_code": "AT",
    "latitude": "46.71556000",
    "longitude": "13.69083000",
    "native": null,
    "timezone": "Europe/Vienna",
    "translations": {}
  },
  {
    "id": 2022,
    "name": "Fresen",
    "state_id": 2057,
    "state_code": "2",
    "country_id": 15,
    "country_code": "AT",
    "latitude": "46.70516000",
    "longitude": "14.04513000",
    "native": null,
    "timezone": "Europe/Vienna",
    "translations": {}
  },
  {
    "id": 2024,
    "name": "Friesach",
    "state_id": 2057,
    "state_code": "2",
    "country_id": 15,
    "country_code": "AT",
    "latitude": "46.95528000",
    "longitude": "14.40583000",
    "native": null,
    "timezone": "Europe/Vienna",
    "translations": {}
  },
  {
    "id": 2036,
    "name": "Fürnitz",
    "state_id": 2057,
    "state_code": "2",
    "country_id": 15,
    "country_code": "AT",
    "latitude": "46.56188000",
    "longitude": "13.81732000",
    "native": null,
    "timezone": "Europe/Vienna",
    "translations": {}
  },
  {
    "id": 2043,
    "name": "Gailitz",
    "state_id": 2057,
    "state_code": "2",
    "country_id": 15,
    "country_code": "AT",
    "latitude": "46.56083000",
    "longitude": "13.70444000",
    "native": null,
    "timezone": "Europe/Vienna",
    "translations": {}
  },
  {
    "id": 2046,
    "name": "Gallizien",
    "state_id": 2057,
    "state_code": "2",
    "country_id": 15,
    "country_code": "AT",
    "latitude": "46.55000000",
    "longitude": "14.51667000",
    "native": null,
    "timezone": "Europe/Vienna",
    "translations": {}
  },
  {
    "id": 143800,
    "name": "Gemmersdorf",
    "state_id": 2057,
    "state_code": "2",
    "country_id": 15,
    "country_code": "AT",
    "latitude": "46.75740000",
    "longitude": "14.90220000",
    "native": null,
    "timezone": "Europe/Vienna",
    "translations": {}
  },
  {
    "id": 143801,
    "name": "Gerlamoos",
    "state_id": 2057,
    "state_code": "2",
    "country_id": 15,
    "country_code": "AT",
    "latitude": "46.76391000",
    "longitude": "13.27200000",
    "native": null,
    "timezone": "Europe/Vienna",
    "translations": {}
  },
  {
    "id": 143802,
    "name": "Gitschtal",
    "state_id": 2057,
    "state_code": "2",
    "country_id": 15,
    "country_code": "AT",
    "latitude": "46.67972222",
    "longitude": "13.26055556",
    "native": null,
    "timezone": "Europe/Vienna",
    "translations": {}
  },
  {
    "id": 2083,
    "name": "Glanegg",
    "state_id": 2057,
    "state_code": "2",
    "country_id": 15,
    "country_code": "AT",
    "latitude": "46.72259000",
    "longitude": "14.19893000",
    "native": null,
    "timezone": "Europe/Vienna",
    "translations": {}
  },
  {
    "id": 2088,
    "name": "Globasnitz",
    "state_id": 2057,
    "state_code": "2",
    "country_id": 15,
    "country_code": "AT",
    "latitude": "46.55694000",
    "longitude": "14.70278000",
    "native": null,
    "timezone": "Europe/Vienna",
    "translations": {}
  },
  {
    "id": 2091,
    "name": "Glödnitz",
    "state_id": 2057,
    "state_code": "2",
    "country_id": 15,
    "country_code": "AT",
    "latitude": "46.87398000",
    "longitude": "14.11915000",
    "native": null,
    "timezone": "Europe/Vienna",
    "translations": {}
  },
  {
    "id": 2093,
    "name": "Gmünd",
    "state_id": 2057,
    "state_code": "2",
    "country_id": 15,
    "country_code": "AT",
    "latitude": "46.90722000",
    "longitude": "13.52944000",
    "native": null,
    "timezone": "Europe/Vienna",
    "translations": {}
  },
  {
    "id": 143803,
    "name": "Gmünd in Kärnten",
    "state_id": 2057,
    "state_code": "2",
    "country_id": 15,
    "country_code": "AT",
    "latitude": "46.91472000",
    "longitude": "13.54670000",
    "native": null,
    "timezone": "Europe/Vienna",
    "translations": {}
  },
  {
    "id": 2099,
    "name": "Gnesau",
    "state_id": 2057,
    "state_code": "2",
    "country_id": 15,
    "country_code": "AT",
    "latitude": "46.77544000",
    "longitude": "13.96251000",
    "native": null,
    "timezone": "Europe/Vienna",
    "translations": {}
  },
  {
    "id": 143806,
    "name": "Görtschach",
    "state_id": 2057,
    "state_code": "2",
    "country_id": 15,
    "country_code": "AT",
    "latitude": "46.61278000",
    "longitude": "13.46500000",
    "native": null,
    "timezone": "Europe/Vienna",
    "translations": {}
  },
  {
    "id": 2113,
    "name": "Grafenstein",
    "state_id": 2057,
    "state_code": "2",
    "country_id": 15,
    "country_code": "AT",
    "latitude": "46.61393000",
    "longitude": "14.46719000",
    "native": null,
    "timezone": "Europe/Vienna",
    "translations": {}
  },
  {
    "id": 2124,
    "name": "Greifenburg",
    "state_id": 2057,
    "state_code": "2",
    "country_id": 15,
    "country_code": "AT",
    "latitude": "46.75027000",
    "longitude": "13.17982000",
    "native": null,
    "timezone": "Europe/Vienna",
    "translations": {}
  },
  {
    "id": 2130,
    "name": "Gries",
    "state_id": 2057,
    "state_code": "2",
    "country_id": 15,
    "country_code": "AT",
    "latitude": "46.83160000",
    "longitude": "14.85103000",
    "native": null,
    "timezone": "Europe/Vienna",
    "translations": {}
  },
  {
    "id": 2135,
    "name": "Griffen",
    "state_id": 2057,
    "state_code": "2",
    "country_id": 15,
    "country_code": "AT",
    "latitude": "46.70444000",
    "longitude": "14.73278000",
    "native": null,
    "timezone": "Europe/Vienna",
    "translations": {}
  },
  {
    "id": 2155,
    "name": "Großkirchheim",
    "state_id": 2057,
    "state_code": "2",
    "country_id": 15,
    "country_code": "AT",
    "latitude": "46.97270000",
    "longitude": "12.89589000",
    "native": null,
    "timezone": "Europe/Vienna",
    "translations": {}
  },
  {
    "id": 2178,
    "name": "Gurk",
    "state_id": 2057,
    "state_code": "2",
    "country_id": 15,
    "country_code": "AT",
    "latitude": "46.87389000",
    "longitude": "14.29167000",
    "native": null,
    "timezone": "Europe/Vienna",
    "translations": {}
  },
  {
    "id": 2182,
    "name": "Guttaring",
    "state_id": 2057,
    "state_code": "2",
    "country_id": 15,
    "country_code": "AT",
    "latitude": "46.88536000",
    "longitude": "14.51071000",
    "native": null,
    "timezone": "Europe/Vienna",
    "translations": {}
  },
  {
    "id": 2258,
    "name": "Heiligenblut",
    "state_id": 2057,
    "state_code": "2",
    "country_id": 15,
    "country_code": "AT",
    "latitude": "47.03979000",
    "longitude": "12.84345000",
    "native": null,
    "timezone": "Europe/Vienna",
    "translations": {}
  },
  {
    "id": 2271,
    "name": "Hermagor",
    "state_id": 2057,
    "state_code": "2",
    "country_id": 15,
    "country_code": "AT",
    "latitude": "46.62722000",
    "longitude": "13.36722000",
    "native": null,
    "timezone": "Europe/Vienna",
    "translations": {}
  },
  {
    "id": 3008,
    "name": "Hermagor District",
    "state_id": 2057,
    "state_code": "2",
    "country_id": 15,
    "country_code": "AT",
    "latitude": "46.63137000",
    "longitude": "13.13246000",
    "native": null,
    "timezone": "Europe/Vienna",
    "translations": {}
  },
  {
    "id": 143807,
    "name": "Hermagor-Pressegger See",
    "state_id": 2057,
    "state_code": "2",
    "country_id": 15,
    "country_code": "AT",
    "latitude": "46.62722222",
    "longitude": "13.36722222",
    "native": null,
    "timezone": "Europe/Vienna",
    "translations": {}
  },
  {
    "id": 2282,
    "name": "Himmelberg",
    "state_id": 2057,
    "state_code": "2",
    "country_id": 15,
    "country_code": "AT",
    "latitude": "46.75667000",
    "longitude": "14.03056000",
    "native": null,
    "timezone": "Europe/Vienna",
    "translations": {}
  },
  {
    "id": 2319,
    "name": "Hohenthurn",
    "state_id": 2057,
    "state_code": "2",
    "country_id": 15,
    "country_code": "AT",
    "latitude": "46.55774000",
    "longitude": "13.66038000",
    "native": null,
    "timezone": "Europe/Vienna",
    "translations": {}
  },
  {
    "id": 2344,
    "name": "Hörtendorf",
    "state_id": 2057,
    "state_code": "2",
    "country_id": 15,
    "country_code": "AT",
    "latitude": "46.63333000",
    "longitude": "14.40000000",
    "native": null,
    "timezone": "Europe/Vienna",
    "translations": {}
  },
  {
    "id": 2348,
    "name": "Hüttenberg",
    "state_id": 2057,
    "state_code": "2",
    "country_id": 15,
    "country_code": "AT",
    "latitude": "46.94139000",
    "longitude": "14.55000000",
    "native": null,
    "timezone": "Europe/Vienna",
    "translations": {}
  },
  {
    "id": 2367,
    "name": "Irschen",
    "state_id": 2057,
    "state_code": "2",
    "country_id": 15,
    "country_code": "AT",
    "latitude": "46.75694000",
    "longitude": "13.02528000",
    "native": null,
    "timezone": "Europe/Vienna",
    "translations": {}
  },
  {
    "id": 2402,
    "name": "Kappel am Krappfeld",
    "state_id": 2057,
    "state_code": "2",
    "country_id": 15,
    "country_code": "AT",
    "latitude": "46.83861000",
    "longitude": "14.48639000",
    "native": null,
    "timezone": "Europe/Vienna",
    "translations": {}
  },
  {
    "id": 2420,
    "name": "Keutschach am See",
    "state_id": 2057,
    "state_code": "2",
    "country_id": 15,
    "country_code": "AT",
    "latitude": "46.59306000",
    "longitude": "14.18889000",
    "native": null,
    "timezone": "Europe/Vienna",
    "translations": {}
  },
  {
    "id": 2424,
    "name": "Kirchbach",
    "state_id": 2057,
    "state_code": "2",
    "country_id": 15,
    "country_code": "AT",
    "latitude": "46.64160000",
    "longitude": "13.18454000",
    "native": null,
    "timezone": "Europe/Vienna",
    "translations": {}
  },
  {
    "id": 143810,
    "name": "Klagenfurt",
    "state_id": 2057,
    "state_code": "2",
    "country_id": 15,
    "country_code": "AT",
    "latitude": "46.63873000",
    "longitude": "14.29730000",
    "native": null,
    "timezone": "Europe/Vienna",
    "translations": {}
  },
  {
    "id": 2446,
    "name": "Klagenfurt am Wörthersee",
    "state_id": 2057,
    "state_code": "2",
    "country_id": 15,
    "country_code": "AT",
    "latitude": "46.63333000",
    "longitude": "14.30000000",
    "native": null,
    "timezone": "Europe/Vienna",
    "translations": {}
  },
  {
    "id": 3016,
    "name": "Klagenfurt-Land District",
    "state_id": 2057,
    "state_code": "2",
    "country_id": 15,
    "country_code": "AT",
    "latitude": "46.56722000",
    "longitude": "14.29295000",
    "native": null,
    "timezone": "Europe/Vienna",
    "translations": {}
  },
  {
    "id": 143811,
    "name": "Kleblach-Lind",
    "state_id": 2057,
    "state_code": "2",
    "country_id": 15,
    "country_code": "AT",
    "latitude": "46.76722222",
    "longitude": "13.35805556",
    "native": null,
    "timezone": "Europe/Vienna",
    "translations": {}
  },
  {
    "id": 2449,
    "name": "Klein Sankt Paul",
    "state_id": 2057,
    "state_code": "2",
    "country_id": 15,
    "country_code": "AT",
    "latitude": "46.83611000",
    "longitude": "14.54139000",
    "native": null,
    "timezone": "Europe/Vienna",
    "translations": {}
  },
  {
    "id": 2453,
    "name": "Kleinedling",
    "state_id": 2057,
    "state_code": "2",
    "country_id": 15,
    "country_code": "AT",
    "latitude": "46.81417000",
    "longitude": "14.82778000",
    "native": null,
    "timezone": "Europe/Vienna",
    "translations": {}
  },
  {
    "id": 2514,
    "name": "Kötschach",
    "state_id": 2057,
    "state_code": "2",
    "country_id": 15,
    "country_code": "AT",
    "latitude": "46.68167000",
    "longitude": "13.00694000",
    "native": null,
    "timezone": "Europe/Vienna",
    "translations": {}
  },
  {
    "id": 143813,
    "name": "Kötschach-Mauthen",
    "state_id": 2057,
    "state_code": "2",
    "country_id": 15,
    "country_code": "AT",
    "latitude": "46.66666667",
    "longitude": "13.00000000",
    "native": null,
    "timezone": "Europe/Vienna",
    "translations": {}
  },
  {
    "id": 2515,
    "name": "Köttmannsdorf",
    "state_id": 2057,
    "state_code": "2",
    "country_id": 15,
    "country_code": "AT",
    "latitude": "46.56139000",
    "longitude": "14.23389000",
    "native": null,
    "timezone": "Europe/Vienna",
    "translations": {}
  },
  {
    "id": 143812,
    "name": "Krems",
    "state_id": 2057,
    "state_code": "2",
    "country_id": 15,
    "country_code": "AT",
    "latitude": "46.92250000",
    "longitude": "13.56750000",
    "native": null,
    "timezone": "Europe/Vienna",
    "translations": {}
  },
  {
    "id": 2500,
    "name": "Krumpendorf",
    "state_id": 2057,
    "state_code": "2",
    "country_id": 15,
    "country_code": "AT",
    "latitude": "46.63333000",
    "longitude": "14.21667000",
    "native": null,
    "timezone": "Europe/Vienna",
    "translations": {}
  },
  {
    "id": 2516,
    "name": "Kühnsdorf",
    "state_id": 2057,
    "state_code": "2",
    "country_id": 15,
    "country_code": "AT",
    "latitude": "46.62194000",
    "longitude": "14.63639000",
    "native": null,
    "timezone": "Europe/Vienna",
    "translations": {}
  },
  {
    "id": 143814,
    "name": "Lamnitz",
    "state_id": 2057,
    "state_code": "2",
    "country_id": 15,
    "country_code": "AT",
    "latitude": "46.86666667",
    "longitude": "12.98333333",
    "native": null,
    "timezone": "Europe/Vienna",
    "translations": {}
  },
  {
    "id": 2533,
    "name": "Landskron",
    "state_id": 2057,
    "state_code": "2",
    "country_id": 15,
    "country_code": "AT",
    "latitude": "46.63363710",
    "longitude": "13.88727220",
    "native": null,
    "timezone": "Europe/Vienna",
    "translations": {}
  },
  {
    "id": 2553,
    "name": "Launsdorf",
    "state_id": 2057,
    "state_code": "2",
    "country_id": 15,
    "country_code": "AT",
    "latitude": "46.77056000",
    "longitude": "14.45194000",
    "native": null,
    "timezone": "Europe/Vienna",
    "translations": {}
  },
  {
    "id": 2556,
    "name": "Lavamünd",
    "state_id": 2057,
    "state_code": "2",
    "country_id": 15,
    "country_code": "AT",
    "latitude": "46.64019000",
    "longitude": "14.94733000",
    "native": null,
    "timezone": "Europe/Vienna",
    "translations": {}
  },
  {
    "id": 2561,
    "name": "Ledenitzen",
    "state_id": 2057,
    "state_code": "2",
    "country_id": 15,
    "country_code": "AT",
    "latitude": "46.56639000",
    "longitude": "13.96139000",
    "native": null,
    "timezone": "Europe/Vienna",
    "translations": {}
  },
  {
    "id": 2574,
    "name": "Lendorf",
    "state_id": 2057,
    "state_code": "2",
    "country_id": 15,
    "country_code": "AT",
    "latitude": "46.83528000",
    "longitude": "13.43028000",
    "native": null,
    "timezone": "Europe/Vienna",
    "translations": {}
  },
  {
    "id": 143816,
    "name": "Leppen",
    "state_id": 2057,
    "state_code": "2",
    "country_id": 15,
    "country_code": "AT",
    "latitude": "46.48333000",
    "longitude": "14.63333000",
    "native": null,
    "timezone": "Europe/Vienna",
    "translations": {}
  },
  {
    "id": 143817,
    "name": "Lesachtal",
    "state_id": 2057,
    "state_code": "2",
    "country_id": 15,
    "country_code": "AT",
    "latitude": "46.69388889",
    "longitude": "12.81583333",
    "native": null,
    "timezone": "Europe/Vienna",
    "translations": {}
  },
  {
    "id": 2594,
    "name": "Liebenfels",
    "state_id": 2057,
    "state_code": "2",
    "country_id": 15,
    "country_code": "AT",
    "latitude": "46.73778000",
    "longitude": "14.28667000",
    "native": null,
    "timezone": "Europe/Vienna",
    "translations": {}
  },
  {
    "id": 2601,
    "name": "Lind",
    "state_id": 2057,
    "state_code": "2",
    "country_id": 15,
    "country_code": "AT",
    "latitude": "46.62244000",
    "longitude": "13.84715000",
    "native": null,
    "timezone": "Europe/Vienna",
    "translations": {}
  },
  {
    "id": 143818,
    "name": "Lobersberg",
    "state_id": 2057,
    "state_code": "2",
    "country_id": 15,
    "country_code": "AT",
    "latitude": "46.86500000",
    "longitude": "12.91111111",
    "native": null,
    "timezone": "Europe/Vienna",
    "translations": {}
  },
  {
    "id": 2618,
    "name": "Ludmannsdorf",
    "state_id": 2057,
    "state_code": "2",
    "country_id": 15,
    "country_code": "AT",
    "latitude": "46.54139000",
    "longitude": "14.13425000",
    "native": null,
    "timezone": "Europe/Vienna",
    "translations": {}
  },
  {
    "id": 143819,
    "name": "Lurnfeld",
    "state_id": 2057,
    "state_code": "2",
    "country_id": 15,
    "country_code": "AT",
    "latitude": "46.83333333",
    "longitude": "13.36666667",
    "native": null,
    "timezone": "Europe/Vienna",
    "translations": {}
  },
  {
    "id": 143820,
    "name": "Magdalensberg",
    "state_id": 2057,
    "state_code": "2",
    "country_id": 15,
    "country_code": "AT",
    "latitude": "46.70111111",
    "longitude": "14.43111111",
    "native": null,
    "timezone": "Europe/Vienna",
    "translations": {}
  },
  {
    "id": 143821,
    "name": "Mallnitz",
    "state_id": 2057,
    "state_code": "2",
    "country_id": 15,
    "country_code": "AT",
    "latitude": "46.98972222",
    "longitude": "13.17000000",
    "native": null,
    "timezone": "Europe/Vienna",
    "translations": {}
  },
  {
    "id": 143822,
    "name": "Malta",
    "state_id": 2057,
    "state_code": "2",
    "country_id": 15,
    "country_code": "AT",
    "latitude": "46.96666667",
    "longitude": "13.51666667",
    "native": null,
    "timezone": "Europe/Vienna",
    "translations": {}
  },
  {
    "id": 2646,
    "name": "Maria Rain",
    "state_id": 2057,
    "state_code": "2",
    "country_id": 15,
    "country_code": "AT",
    "latitude": "46.55389000",
    "longitude": "14.29556000",
    "native": null,
    "timezone": "Europe/Vienna",
    "translations": {}
  },
  {
    "id": 2647,
    "name": "Maria Saal",
    "state_id": 2057,
    "state_code": "2",
    "country_id": 15,
    "country_code": "AT",
    "latitude": "46.68083000",
    "longitude": "14.34861000",
    "native": null,
    "timezone": "Europe/Vienna",
    "translations": {}
  },
  {
    "id": 2650,
    "name": "Maria Wörth",
    "state_id": 2057,
    "state_code": "2",
    "country_id": 15,
    "country_code": "AT",
    "latitude": "46.61639000",
    "longitude": "14.16306000",
    "native": null,
    "timezone": "Europe/Vienna",
    "translations": {}
  },
  {
    "id": 2678,
    "name": "Mautbrücken",
    "state_id": 2057,
    "state_code": "2",
    "country_id": 15,
    "country_code": "AT",
    "latitude": "46.72037000",
    "longitude": "14.19399000",
    "native": null,
    "timezone": "Europe/Vienna",
    "translations": {}
  },
  {
    "id": 2692,
    "name": "Metnitz",
    "state_id": 2057,
    "state_code": "2",
    "country_id": 15,
    "country_code": "AT",
    "latitude": "46.98056000",
    "longitude": "14.21667000",
    "native": null,
    "timezone": "Europe/Vienna",
    "translations": {}
  },
  {
    "id": 2696,
    "name": "Micheldorf",
    "state_id": 2057,
    "state_code": "2",
    "country_id": 15,
    "country_code": "AT",
    "latitude": "46.91667000",
    "longitude": "14.41667000",
    "native": null,
    "timezone": "Europe/Vienna",
    "translations": {}
  },
  {
    "id": 2702,
    "name": "Millstatt",
    "state_id": 2057,
    "state_code": "2",
    "country_id": 15,
    "country_code": "AT",
    "latitude": "46.80417000",
    "longitude": "13.58056000",
    "native": null,
    "timezone": "Europe/Vienna",
    "translations": {}
  },
  {
    "id": 2742,
    "name": "Mölbling",
    "state_id": 2057,
    "state_code": "2",
    "country_id": 15,
    "country_code": "AT",
    "latitude": "46.85000000",
    "longitude": "14.43333000",
    "native": null,
    "timezone": "Europe/Vienna",
    "translations": {}
  },
  {
    "id": 2743,
    "name": "Möllbrücke",
    "state_id": 2057,
    "state_code": "2",
    "country_id": 15,
    "country_code": "AT",
    "latitude": "46.83639000",
    "longitude": "13.37278000",
    "native": null,
    "timezone": "Europe/Vienna",
    "translations": {}
  },
  {
    "id": 2726,
    "name": "Moosburg",
    "state_id": 2057,
    "state_code": "2",
    "country_id": 15,
    "country_code": "AT",
    "latitude": "46.65750000",
    "longitude": "14.17472000",
    "native": null,
    "timezone": "Europe/Vienna",
    "translations": {}
  },
  {
    "id": 2749,
    "name": "Mörtschach",
    "state_id": 2057,
    "state_code": "2",
    "country_id": 15,
    "country_code": "AT",
    "latitude": "46.92389000",
    "longitude": "12.91778000",
    "native": null,
    "timezone": "Europe/Vienna",
    "translations": {}
  },
  {
    "id": 2755,
    "name": "Mühldorf",
    "state_id": 2057,
    "state_code": "2",
    "country_id": 15,
    "country_code": "AT",
    "latitude": "46.86028000",
    "longitude": "13.35361000",
    "native": null,
    "timezone": "Europe/Vienna",
    "translations": {}
  },
  {
    "id": 2782,
    "name": "Neu-Feffernitz",
    "state_id": 2057,
    "state_code": "2",
    "country_id": 15,
    "country_code": "AT",
    "latitude": "46.68772000",
    "longitude": "13.67914000",
    "native": null,
    "timezone": "Europe/Vienna",
    "translations": {}
  },
  {
    "id": 2794,
    "name": "Neuhaus",
    "state_id": 2057,
    "state_code": "2",
    "country_id": 15,
    "country_code": "AT",
    "latitude": "46.63333000",
    "longitude": "14.88333000",
    "native": null,
    "timezone": "Europe/Vienna",
    "translations": {}
  },
  {
    "id": 2823,
    "name": "Niederdorf",
    "state_id": 2057,
    "state_code": "2",
    "country_id": 15,
    "country_code": "AT",
    "latitude": "46.61667000",
    "longitude": "14.40000000",
    "native": null,
    "timezone": "Europe/Vienna",
    "translations": {}
  },
  {
    "id": 143829,
    "name": "Nötsch im Gailtal",
    "state_id": 2057,
    "state_code": "2",
    "country_id": 15,
    "country_code": "AT",
    "latitude": "46.59000000",
    "longitude": "13.62277778",
    "native": null,
    "timezone": "Europe/Vienna",
    "translations": {}
  },
  {
    "id": 143830,
    "name": "Oberdörfl",
    "state_id": 2057,
    "state_code": "2",
    "country_id": 15,
    "country_code": "AT",
    "latitude": "46.55528000",
    "longitude": "14.10806000",
    "native": null,
    "timezone": "Europe/Vienna",
    "translations": {}
  },
  {
    "id": 2849,
    "name": "Oberdrauburg",
    "state_id": 2057,
    "state_code": "2",
    "country_id": 15,
    "country_code": "AT",
    "latitude": "46.74306000",
    "longitude": "12.97028000",
    "native": null,
    "timezone": "Europe/Vienna",
    "translations": {}
  },
  {
    "id": 143831,
    "name": "Obermillstatt",
    "state_id": 2057,
    "state_code": "2",
    "country_id": 15,
    "country_code": "AT",
    "latitude": "46.81060000",
    "longitude": "13.59080000",
    "native": null,
    "timezone": "Europe/Vienna",
    "translations": {}
  },
  {
    "id": 2879,
    "name": "Obervellach",
    "state_id": 2057,
    "state_code": "2",
    "country_id": 15,
    "country_code": "AT",
    "latitude": "46.93667000",
    "longitude": "13.20417000",
    "native": null,
    "timezone": "Europe/Vienna",
    "translations": {}
  },
  {
    "id": 2906,
    "name": "Ossiach",
    "state_id": 2057,
    "state_code": "2",
    "country_id": 15,
    "country_code": "AT",
    "latitude": "46.67435000",
    "longitude": "13.98358000",
    "native": null,
    "timezone": "Europe/Vienna",
    "translations": {}
  },
  {
    "id": 2928,
    "name": "Paternion",
    "state_id": 2057,
    "state_code": "2",
    "country_id": 15,
    "country_code": "AT",
    "latitude": "46.71417000",
    "longitude": "13.63611000",
    "native": null,
    "timezone": "Europe/Vienna",
    "translations": {}
  },
  {
    "id": 143832,
    "name": "Pischeldorf",
    "state_id": 2057,
    "state_code": "2",
    "country_id": 15,
    "country_code": "AT",
    "latitude": "46.68333000",
    "longitude": "14.45000000",
    "native": null,
    "timezone": "Europe/Vienna",
    "translations": {}
  },
  {
    "id": 143834,
    "name": "Pöckau",
    "state_id": 2057,
    "state_code": "2",
    "country_id": 15,
    "country_code": "AT",
    "latitude": "46.55000000",
    "longitude": "13.73330000",
    "native": null,
    "timezone": "Europe/Vienna",
    "translations": {}
  },
  {
    "id": 2986,
    "name": "Poggersdorf",
    "state_id": 2057,
    "state_code": "2",
    "country_id": 15,
    "country_code": "AT",
    "latitude": "46.65000000",
    "longitude": "14.45000000",
    "native": null,
    "timezone": "Europe/Vienna",
    "translations": {}
  },
  {
    "id": 3108,
    "name": "Pörtschach am Wörthersee",
    "state_id": 2057,
    "state_code": "2",
    "country_id": 15,
    "country_code": "AT",
    "latitude": "46.63639000",
    "longitude": "14.14639000",
    "native": null,
    "timezone": "Europe/Vienna",
    "translations": {}
  },
  {
    "id": 3078,
    "name": "Preitenegg",
    "state_id": 2057,
    "state_code": "2",
    "country_id": 15,
    "country_code": "AT",
    "latitude": "46.94000000",
    "longitude": "14.92583000",
    "native": null,
    "timezone": "Europe/Vienna",
    "translations": {}
  },
  {
    "id": 3081,
    "name": "Priel",
    "state_id": 2057,
    "state_code": "2",
    "country_id": 15,
    "country_code": "AT",
    "latitude": "46.82758000",
    "longitude": "14.83330000",
    "native": null,
    "timezone": "Europe/Vienna",
    "translations": {}
  },
  {
    "id": 143833,
    "name": "Pusarnitz",
    "state_id": 2057,
    "state_code": "2",
    "country_id": 15,
    "country_code": "AT",
    "latitude": "46.83333000",
    "longitude": "13.40000000",
    "native": null,
    "timezone": "Europe/Vienna",
    "translations": {}
  },
  {
    "id": 3123,
    "name": "Radenthein",
    "state_id": 2057,
    "state_code": "2",
    "country_id": 15,
    "country_code": "AT",
    "latitude": "46.80056000",
    "longitude": "13.71167000",
    "native": null,
    "timezone": "Europe/Vienna",
    "translations": {}
  },
  {
    "id": 3130,
    "name": "Rain",
    "state_id": 2057,
    "state_code": "2",
    "country_id": 15,
    "country_code": "AT",
    "latitude": "46.60528000",
    "longitude": "14.38611000",
    "native": null,
    "timezone": "Europe/Vienna",
    "translations": {}
  },
  {
    "id": 3137,
    "name": "Rangersdorf",
    "state_id": 2057,
    "state_code": "2",
    "country_id": 15,
    "country_code": "AT",
    "latitude": "46.86001000",
    "longitude": "12.94923000",
    "native": null,
    "timezone": "Europe/Vienna",
    "translations": {}
  },
  {
    "id": 3157,
    "name": "Reding",
    "state_id": 2057,
    "state_code": "2",
    "country_id": 15,
    "country_code": "AT",
    "latitude": "46.81667000",
    "longitude": "14.85000000",
    "native": null,
    "timezone": "Europe/Vienna",
    "translations": {}
  },
  {
    "id": 143835,
    "name": "Reichenau",
    "state_id": 2057,
    "state_code": "2",
    "country_id": 15,
    "country_code": "AT",
    "latitude": "46.85416667",
    "longitude": "13.89305556",
    "native": null,
    "timezone": "Europe/Vienna",
    "translations": {}
  },
  {
    "id": 3165,
    "name": "Reichenfels",
    "state_id": 2057,
    "state_code": "2",
    "country_id": 15,
    "country_code": "AT",
    "latitude": "47.00718000",
    "longitude": "14.74425000",
    "native": null,
    "timezone": "Europe/Vienna",
    "translations": {}
  },
  {
    "id": 143836,
    "name": "Reißeck",
    "state_id": 2057,
    "state_code": "2",
    "country_id": 15,
    "country_code": "AT",
    "latitude": "46.87694444",
    "longitude": "13.30555556",
    "native": null,
    "timezone": "Europe/Vienna",
    "translations": {}
  },
  {
    "id": 3178,
    "name": "Rennweg am Katschberg",
    "state_id": 2057,
    "state_code": "2",
    "country_id": 15,
    "country_code": "AT",
    "latitude": "47.01667000",
    "longitude": "13.61667000",
    "native": null,
    "timezone": "Europe/Vienna",
    "translations": {}
  },
  {
    "id": 143837,
    "name": "Rittersdorf",
    "state_id": 2057,
    "state_code": "2",
    "country_id": 15,
    "country_code": "AT",
    "latitude": "46.75111000",
    "longitude": "13.03444000",
    "native": null,
    "timezone": "Europe/Vienna",
    "translations": {}
  },
  {
    "id": 3210,
    "name": "Rosegg",
    "state_id": 2057,
    "state_code": "2",
    "country_id": 15,
    "country_code": "AT",
    "latitude": "46.58833000",
    "longitude": "14.01718000",
    "native": null,
    "timezone": "Europe/Vienna",
    "translations": {}
  },
  {
    "id": 3215,
    "name": "Ruden",
    "state_id": 2057,
    "state_code": "2",
    "country_id": 15,
    "country_code": "AT",
    "latitude": "46.65833000",
    "longitude": "14.77639000",
    "native": null,
    "timezone": "Europe/Vienna",
    "translations": {}
  },
  {
    "id": 3231,
    "name": "Sachsenburg",
    "state_id": 2057,
    "state_code": "2",
    "country_id": 15,
    "country_code": "AT",
    "latitude": "46.82917000",
    "longitude": "13.35500000",
    "native": null,
    "timezone": "Europe/Vienna",
    "translations": {}
  },
  {
    "id": 3239,
    "name": "Sankt Andrä",
    "state_id": 2057,
    "state_code": "2",
    "country_id": 15,
    "country_code": "AT",
    "latitude": "46.76829000",
    "longitude": "14.81991000",
    "native": null,
    "timezone": "Europe/Vienna",
    "translations": {}
  },
  {
    "id": 143839,
    "name": "Sankt Egyden an der Drau",
    "state_id": 2057,
    "state_code": "2",
    "country_id": 15,
    "country_code": "AT",
    "latitude": "46.57722000",
    "longitude": "14.06167000",
    "native": null,
    "timezone": "Europe/Vienna",
    "translations": {}
  },
  {
    "id": 3484,
    "name": "Sankt Georgen am Längsee",
    "state_id": 2057,
    "state_code": "2",
    "country_id": 15,
    "country_code": "AT",
    "latitude": "46.78061000",
    "longitude": "14.43033000",
    "native": null,
    "timezone": "Europe/Vienna",
    "translations": {}
  },
  {
    "id": 143840,
    "name": "Sankt Georgen im Lavanttal",
    "state_id": 2057,
    "state_code": "2",
    "country_id": 15,
    "country_code": "AT",
    "latitude": "46.71666667",
    "longitude": "14.91666667",
    "native": null,
    "timezone": "Europe/Vienna",
    "translations": {}
  },
  {
    "id": 143841,
    "name": "Sankt Jakob",
    "state_id": 2057,
    "state_code": "2",
    "country_id": 15,
    "country_code": "AT",
    "latitude": "46.84127080",
    "longitude": "14.83231790",
    "native": null,
    "timezone": "Europe/Vienna",
    "translations": {}
  },
  {
    "id": 143842,
    "name": "Sankt Jakob im Rosental",
    "state_id": 2057,
    "state_code": "2",
    "country_id": 15,
    "country_code": "AT",
    "latitude": "46.54847650",
    "longitude": "14.05418280",
    "native": null,
    "timezone": "Europe/Vienna",
    "translations": {}
  },
  {
    "id": 143843,
    "name": "Sankt Kanzian am Klopeiner See",
    "state_id": 2057,
    "state_code": "2",
    "country_id": 15,
    "country_code": "AT",
    "latitude": "46.61444444",
    "longitude": "14.57583333",
    "native": null,
    "timezone": "Europe/Vienna",
    "translations": {}
  },
  {
    "id": 3279,
    "name": "Sankt Leonhard",
    "state_id": 2057,
    "state_code": "2",
    "country_id": 15,
    "country_code": "AT",
    "latitude": "46.62528000",
    "longitude": "13.85865000",
    "native": null,
    "timezone": "Europe/Vienna",
    "translations": {}
  },
  {
    "id": 3288,
    "name": "Sankt Magdalen",
    "state_id": 2057,
    "state_code": "2",
    "country_id": 15,
    "country_code": "AT",
    "latitude": "46.90225780",
    "longitude": "14.40606920",
    "native": null,
    "timezone": "Europe/Vienna",
    "translations": {}
  },
  {
    "id": 3293,
    "name": "Sankt Margareten im Rosental",
    "state_id": 2057,
    "state_code": "2",
    "country_id": 15,
    "country_code": "AT",
    "latitude": "46.54417000",
    "longitude": "14.42444000",
    "native": null,
    "timezone": "Europe/Vienna",
    "translations": {}
  },
  {
    "id": 3301,
    "name": "Sankt Martin",
    "state_id": 2057,
    "state_code": "2",
    "country_id": 15,
    "country_code": "AT",
    "latitude": "46.61667000",
    "longitude": "14.28333000",
    "native": null,
    "timezone": "Europe/Vienna",
    "translations": {}
  },
  {
    "id": 3319,
    "name": "Sankt Paul im Lavanttal",
    "state_id": 2057,
    "state_code": "2",
    "country_id": 15,
    "country_code": "AT",
    "latitude": "46.70056000",
    "longitude": "14.87556000",
    "native": null,
    "timezone": "Europe/Vienna",
    "translations": {}
  },
  {
    "id": 3320,
    "name": "Sankt Peter",
    "state_id": 2057,
    "state_code": "2",
    "country_id": 15,
    "country_code": "AT",
    "latitude": "46.62978000",
    "longitude": "14.34016000",
    "native": null,
    "timezone": "Europe/Vienna",
    "translations": {}
  },
  {
    "id": 3332,
    "name": "Sankt Ruprecht",
    "state_id": 2057,
    "state_code": "2",
    "country_id": 15,
    "country_code": "AT",
    "latitude": "46.60000000",
    "longitude": "14.31667000",
    "native": null,
    "timezone": "Europe/Vienna",
    "translations": {}
  },
  {
    "id": 3334,
    "name": "Sankt Stefan",
    "state_id": 2057,
    "state_code": "2",
    "country_id": 15,
    "country_code": "AT",
    "latitude": "46.80750000",
    "longitude": "14.85167000",
    "native": null,
    "timezone": "Europe/Vienna",
    "translations": {}
  },
  {
    "id": 143844,
    "name": "Sankt Stefan im Gailtal",
    "state_id": 2057,
    "state_code": "2",
    "country_id": 15,
    "country_code": "AT",
    "latitude": "46.61666667",
    "longitude": "13.51666667",
    "native": null,
    "timezone": "Europe/Vienna",
    "translations": {}
  },
  {
    "id": 143845,
    "name": "Sankt Urban",
    "state_id": 2057,
    "state_code": "2",
    "country_id": 15,
    "country_code": "AT",
    "latitude": "46.75027778",
    "longitude": "14.16916667",
    "native": null,
    "timezone": "Europe/Vienna",
    "translations": {}
  },
  {
    "id": 3343,
    "name": "Sankt Veit an der Glan",
    "state_id": 2057,
    "state_code": "2",
    "country_id": 15,
    "country_code": "AT",
    "latitude": "46.76806000",
    "longitude": "14.36028000",
    "native": null,
    "timezone": "Europe/Vienna",
    "translations": {}
  },
  {
    "id": 3044,
    "name": "Sankt Veit an der Glan District",
    "state_id": 2057,
    "state_code": "2",
    "country_id": 15,
    "country_code": "AT",
    "latitude": "46.83333000",
    "longitude": "14.40000000",
    "native": null,
    "timezone": "Europe/Vienna",
    "translations": {}
  },
  {
    "id": 3369,
    "name": "Schiefling am See",
    "state_id": 2057,
    "state_code": "2",
    "country_id": 15,
    "country_code": "AT",
    "latitude": "46.60444000",
    "longitude": "14.09750000",
    "native": null,
    "timezone": "Europe/Vienna",
    "translations": {}
  },
  {
    "id": 3374,
    "name": "Schleben",
    "state_id": 2057,
    "state_code": "2",
    "country_id": 15,
    "country_code": "AT",
    "latitude": "46.62039000",
    "longitude": "13.93301000",
    "native": null,
    "timezone": "Europe/Vienna",
    "translations": {}
  },
  {
    "id": 3428,
    "name": "Seebach",
    "state_id": 2057,
    "state_code": "2",
    "country_id": 15,
    "country_code": "AT",
    "latitude": "46.61667000",
    "longitude": "13.86667000",
    "native": null,
    "timezone": "Europe/Vienna",
    "translations": {}
  },
  {
    "id": 3430,
    "name": "Seeboden",
    "state_id": 2057,
    "state_code": "2",
    "country_id": 15,
    "country_code": "AT",
    "latitude": "46.81909000",
    "longitude": "13.51430000",
    "native": null,
    "timezone": "Europe/Vienna",
    "translations": {}
  },
  {
    "id": 3439,
    "name": "Seitenberg",
    "state_id": 2057,
    "state_code": "2",
    "country_id": 15,
    "country_code": "AT",
    "latitude": "46.74801000",
    "longitude": "14.08825000",
    "native": null,
    "timezone": "Europe/Vienna",
    "translations": {}
  },
  {
    "id": 143848,
    "name": "Sirnitz",
    "state_id": 2057,
    "state_code": "2",
    "country_id": 15,
    "country_code": "AT",
    "latitude": "46.82361000",
    "longitude": "14.05944000",
    "native": null,
    "timezone": "Europe/Vienna",
    "translations": {}
  },
  {
    "id": 3464,
    "name": "Sittersdorf",
    "state_id": 2057,
    "state_code": "2",
    "country_id": 15,
    "country_code": "AT",
    "latitude": "46.54444000",
    "longitude": "14.60583000",
    "native": null,
    "timezone": "Europe/Vienna",
    "translations": {}
  },
  {
    "id": 3479,
    "name": "Spittal an der Drau",
    "state_id": 2057,
    "state_code": "2",
    "country_id": 15,
    "country_code": "AT",
    "latitude": "46.80000000",
    "longitude": "13.50000000",
    "native": null,
    "timezone": "Europe/Vienna",
    "translations": {}
  },
  {
    "id": 3048,
    "name": "Spittal an der Drau District",
    "state_id": 2057,
    "state_code": "2",
    "country_id": 15,
    "country_code": "AT",
    "latitude": "46.85000000",
    "longitude": "13.33333000",
    "native": null,
    "timezone": "Europe/Vienna",
    "translations": {}
  },
  {
    "id": 3483,
    "name": "St. Agathen und Perau",
    "state_id": 2057,
    "state_code": "2",
    "country_id": 15,
    "country_code": "AT",
    "latitude": "46.60627000",
    "longitude": "13.85615000",
    "native": null,
    "timezone": "Europe/Vienna",
    "translations": {}
  },
  {
    "id": 143849,
    "name": "St. Andrä",
    "state_id": 2057,
    "state_code": "2",
    "country_id": 15,
    "country_code": "AT",
    "latitude": "46.76473000",
    "longitude": "14.82442000",
    "native": null,
    "timezone": "Europe/Vienna",
    "translations": {}
  },
  {
    "id": 143850,
    "name": "St. Margareten im Rosental",
    "state_id": 2057,
    "state_code": "2",
    "country_id": 15,
    "country_code": "AT",
    "latitude": "46.52498000",
    "longitude": "14.41600000",
    "native": null,
    "timezone": "Europe/Vienna",
    "translations": {}
  },
  {
    "id": 143851,
    "name": "St. Paul im Lavanttal",
    "state_id": 2057,
    "state_code": "2",
    "country_id": 15,
    "country_code": "AT",
    "latitude": "46.69869000",
    "longitude": "14.84877000",
    "native": null,
    "timezone": "Europe/Vienna",
    "translations": {}
  },
  {
    "id": 143852,
    "name": "St. Stefan im Gailtal",
    "state_id": 2057,
    "state_code": "2",
    "country_id": 15,
    "country_code": "AT",
    "latitude": "46.60796000",
    "longitude": "13.50973000",
    "native": null,
    "timezone": "Europe/Vienna",
    "translations": {}
  },
  {
    "id": 143853,
    "name": "St. Urban",
    "state_id": 2057,
    "state_code": "2",
    "country_id": 15,
    "country_code": "AT",
    "latitude": "46.76128000",
    "longitude": "14.16658000",
    "native": null,
    "timezone": "Europe/Vienna",
    "translations": {}
  },
  {
    "id": 143854,
    "name": "St. Veit an der Glan",
    "state_id": 2057,
    "state_code": "2",
    "country_id": 15,
    "country_code": "AT",
    "latitude": "46.73536000",
    "longitude": "14.35404000",
    "native": null,
    "timezone": "Europe/Vienna",
    "translations": {}
  },
  {
    "id": 3486,
    "name": "St. Veiter Vorstadt",
    "state_id": 2057,
    "state_code": "2",
    "country_id": 15,
    "country_code": "AT",
    "latitude": "46.63170000",
    "longitude": "14.30579000",
    "native": null,
    "timezone": "Europe/Vienna",
    "translations": {}
  },
  {
    "id": 3496,
    "name": "Stall",
    "state_id": 2057,
    "state_code": "2",
    "country_id": 15,
    "country_code": "AT",
    "latitude": "46.89056000",
    "longitude": "13.03694000",
    "native": null,
    "timezone": "Europe/Vienna",
    "translations": {}
  },
  {
    "id": 3517,
    "name": "Steindorf am Ossiacher See",
    "state_id": 2057,
    "state_code": "2",
    "country_id": 15,
    "country_code": "AT",
    "latitude": "46.69833000",
    "longitude": "14.00917000",
    "native": null,
    "timezone": "Europe/Vienna",
    "translations": {}
  },
  {
    "id": 3519,
    "name": "Steinfeld",
    "state_id": 2057,
    "state_code": "2",
    "country_id": 15,
    "country_code": "AT",
    "latitude": "46.75812000",
    "longitude": "13.24934000",
    "native": null,
    "timezone": "Europe/Vienna",
    "translations": {}
  },
  {
    "id": 3526,
    "name": "Steuerberg",
    "state_id": 2057,
    "state_code": "2",
    "country_id": 15,
    "country_code": "AT",
    "latitude": "46.78804000",
    "longitude": "14.11290000",
    "native": null,
    "timezone": "Europe/Vienna",
    "translations": {}
  },
  {
    "id": 3532,
    "name": "Stockenboi",
    "state_id": 2057,
    "state_code": "2",
    "country_id": 15,
    "country_code": "AT",
    "latitude": "46.72611000",
    "longitude": "13.52306000",
    "native": null,
    "timezone": "Europe/Vienna",
    "translations": {}
  },
  {
    "id": 143857,
    "name": "Straßburg",
    "state_id": 2057,
    "state_code": "2",
    "country_id": 15,
    "country_code": "AT",
    "latitude": "46.89555556",
    "longitude": "14.33083333",
    "native": null,
    "timezone": "Europe/Vienna",
    "translations": {}
  },
  {
    "id": 3548,
    "name": "Straßburg-Stadt",
    "state_id": 2057,
    "state_code": "2",
    "country_id": 15,
    "country_code": "AT",
    "latitude": "46.89444000",
    "longitude": "14.32861000",
    "native": null,
    "timezone": "Europe/Vienna",
    "translations": {}
  },
  {
    "id": 143858,
    "name": "Suetschach",
    "state_id": 2057,
    "state_code": "2",
    "country_id": 15,
    "country_code": "AT",
    "latitude": "46.52694444",
    "longitude": "14.15638889",
    "native": null,
    "timezone": "Europe/Vienna",
    "translations": {}
  },
  {
    "id": 143859,
    "name": "Techelsberg",
    "state_id": 2057,
    "state_code": "2",
    "country_id": 15,
    "country_code": "AT",
    "latitude": "46.65861111",
    "longitude": "14.10194444",
    "native": null,
    "timezone": "Europe/Vienna",
    "translations": {}
  },
  {
    "id": 143860,
    "name": "Timenitz",
    "state_id": 2057,
    "state_code": "2",
    "country_id": 15,
    "country_code": "AT",
    "latitude": "46.68333000",
    "longitude": "14.41667000",
    "native": null,
    "timezone": "Europe/Vienna",
    "translations": {}
  },
  {
    "id": 3618,
    "name": "Trebesing",
    "state_id": 2057,
    "state_code": "2",
    "country_id": 15,
    "country_code": "AT",
    "latitude": "46.88639000",
    "longitude": "13.51028000",
    "native": null,
    "timezone": "Europe/Vienna",
    "translations": {}
  },
  {
    "id": 143862,
    "name": "Treffen",
    "state_id": 2057,
    "state_code": "2",
    "country_id": 15,
    "country_code": "AT",
    "latitude": "46.66833333",
    "longitude": "13.85555556",
    "native": null,
    "timezone": "Europe/Vienna",
    "translations": {}
  },
  {
    "id": 3620,
    "name": "Treibach",
    "state_id": 2057,
    "state_code": "2",
    "country_id": 15,
    "country_code": "AT",
    "latitude": "46.86667000",
    "longitude": "14.46667000",
    "native": null,
    "timezone": "Europe/Vienna",
    "translations": {}
  },
  {
    "id": 143863,
    "name": "Tschachoritsch",
    "state_id": 2057,
    "state_code": "2",
    "country_id": 15,
    "country_code": "AT",
    "latitude": "46.55352000",
    "longitude": "14.21461000",
    "native": null,
    "timezone": "Europe/Vienna",
    "translations": {}
  },
  {
    "id": 143864,
    "name": "Umberg",
    "state_id": 2057,
    "state_code": "2",
    "country_id": 15,
    "country_code": "AT",
    "latitude": "46.64833000",
    "longitude": "13.95750000",
    "native": null,
    "timezone": "Europe/Vienna",
    "translations": {}
  },
  {
    "id": 3649,
    "name": "Untere Fellach",
    "state_id": 2057,
    "state_code": "2",
    "country_id": 15,
    "country_code": "AT",
    "latitude": "46.62504000",
    "longitude": "13.82681000",
    "native": null,
    "timezone": "Europe/Vienna",
    "translations": {}
  },
  {
    "id": 143865,
    "name": "Velden am Wörther See",
    "state_id": 2057,
    "state_code": "2",
    "country_id": 15,
    "country_code": "AT",
    "latitude": "46.61250000",
    "longitude": "14.04194444",
    "native": null,
    "timezone": "Europe/Vienna",
    "translations": {}
  },
  {
    "id": 3675,
    "name": "Velden am Wörthersee",
    "state_id": 2057,
    "state_code": "2",
    "country_id": 15,
    "country_code": "AT",
    "latitude": "46.61301000",
    "longitude": "14.04130000",
    "native": null,
    "timezone": "Europe/Vienna",
    "translations": {}
  },
  {
    "id": 3684,
    "name": "Viktring",
    "state_id": 2057,
    "state_code": "2",
    "country_id": 15,
    "country_code": "AT",
    "latitude": "46.59194000",
    "longitude": "14.26917000",
    "native": null,
    "timezone": "Europe/Vienna",
    "translations": {}
  },
  {
    "id": 3685,
    "name": "Viktringer Vorstadt",
    "state_id": 2057,
    "state_code": "2",
    "country_id": 15,
    "country_code": "AT",
    "latitude": "46.61773000",
    "longitude": "14.30931000",
    "native": null,
    "timezone": "Europe/Vienna",
    "translations": {}
  },
  {
    "id": 3686,
    "name": "Villach",
    "state_id": 2057,
    "state_code": "2",
    "country_id": 15,
    "country_code": "AT",
    "latitude": "46.61028000",
    "longitude": "13.85583000",
    "native": null,
    "timezone": "Europe/Vienna",
    "translations": {}
  },
  {
    "id": 3688,
    "name": "Villach-Innere Stadt",
    "state_id": 2057,
    "state_code": "2",
    "country_id": 15,
    "country_code": "AT",
    "latitude": "46.61275000",
    "longitude": "13.84638000",
    "native": null,
    "timezone": "Europe/Vienna",
    "translations": {}
  },
  {
    "id": 3054,
    "name": "Villach-Land District",
    "state_id": 2057,
    "state_code": "2",
    "country_id": 15,
    "country_code": "AT",
    "latitude": "46.65308000",
    "longitude": "13.77287000",
    "native": null,
    "timezone": "Europe/Vienna",
    "translations": {}
  },
  {
    "id": 3689,
    "name": "Villacher Vorstadt",
    "state_id": 2057,
    "state_code": "2",
    "country_id": 15,
    "country_code": "AT",
    "latitude": "46.62368000",
    "longitude": "14.28892000",
    "native": null,
    "timezone": "Europe/Vienna",
    "translations": {}
  },
  {
    "id": 3705,
    "name": "Völkendorf",
    "state_id": 2057,
    "state_code": "2",
    "country_id": 15,
    "country_code": "AT",
    "latitude": "46.60806000",
    "longitude": "13.83153000",
    "native": null,
    "timezone": "Europe/Vienna",
    "translations": {}
  },
  {
    "id": 3706,
    "name": "Völkermarkt",
    "state_id": 2057,
    "state_code": "2",
    "country_id": 15,
    "country_code": "AT",
    "latitude": "46.66222000",
    "longitude": "14.63444000",
    "native": null,
    "timezone": "Europe/Vienna",
    "translations": {}
  },
  {
    "id": 3057,
    "name": "Völkermarkt District",
    "state_id": 2057,
    "state_code": "2",
    "country_id": 15,
    "country_code": "AT",
    "latitude": "46.59641000",
    "longitude": "14.66664000",
    "native": null,
    "timezone": "Europe/Vienna",
    "translations": {}
  },
  {
    "id": 3707,
    "name": "Völkermarkter Vorstadt",
    "state_id": 2057,
    "state_code": "2",
    "country_id": 15,
    "country_code": "AT",
    "latitude": "46.62418000",
    "longitude": "14.32081000",
    "native": null,
    "timezone": "Europe/Vienna",
    "translations": {}
  },
  {
    "id": 3721,
    "name": "Waiern",
    "state_id": 2057,
    "state_code": "2",
    "country_id": 15,
    "country_code": "AT",
    "latitude": "46.73028000",
    "longitude": "14.08194000",
    "native": null,
    "timezone": "Europe/Vienna",
    "translations": {}
  },
  {
    "id": 3744,
    "name": "Warmbad-Judendorf",
    "state_id": 2057,
    "state_code": "2",
    "country_id": 15,
    "country_code": "AT",
    "latitude": "46.60126000",
    "longitude": "13.82241000",
    "native": null,
    "timezone": "Europe/Vienna",
    "translations": {}
  },
  {
    "id": 143867,
    "name": "Weißensee",
    "state_id": 2057,
    "state_code": "2",
    "country_id": 15,
    "country_code": "AT",
    "latitude": "46.71666667",
    "longitude": "13.30000000",
    "native": null,
    "timezone": "Europe/Vienna",
    "translations": {}
  },
  {
    "id": 143868,
    "name": "Weißenstein",
    "state_id": 2057,
    "state_code": "2",
    "country_id": 15,
    "country_code": "AT",
    "latitude": "46.68222222",
    "longitude": "13.72361111",
    "native": null,
    "timezone": "Europe/Vienna",
    "translations": {}
  },
  {
    "id": 3776,
    "name": "Weitensfeld",
    "state_id": 2057,
    "state_code": "2",
    "country_id": 15,
    "country_code": "AT",
    "latitude": "46.84743000",
    "longitude": "14.19213000",
    "native": null,
    "timezone": "Europe/Vienna",
    "translations": {}
  },
  {
    "id": 143866,
    "name": "Weitensfeld im Gurktal",
    "state_id": 2057,
    "state_code": "2",
    "country_id": 15,
    "country_code": "AT",
    "latitude": "46.84861111",
    "longitude": "14.19166667",
    "native": null,
    "timezone": "Europe/Vienna",
    "translations": {}
  },
  {
    "id": 3794,
    "name": "Wernberg",
    "state_id": 2057,
    "state_code": "2",
    "country_id": 15,
    "country_code": "AT",
    "latitude": "46.61667000",
    "longitude": "13.93333000",
    "native": null,
    "timezone": "Europe/Vienna",
    "translations": {}
  },
  {
    "id": 3833,
    "name": "Winklern",
    "state_id": 2057,
    "state_code": "2",
    "country_id": 15,
    "country_code": "AT",
    "latitude": "46.87361000",
    "longitude": "12.87472000",
    "native": null,
    "timezone": "Europe/Vienna",
    "translations": {}
  },
  {
    "id": 3854,
    "name": "Wölfnitz",
    "state_id": 2057,
    "state_code": "2",
    "country_id": 15,
    "country_code": "AT",
    "latitude": "46.66639000",
    "longitude": "14.25806000",
    "native": null,
    "timezone": "Europe/Vienna",
    "translations": {}
  },
  {
    "id": 3842,
    "name": "Wolfsberg",
    "state_id": 2057,
    "state_code": "2",
    "country_id": 15,
    "country_code": "AT",
    "latitude": "46.84056000",
    "longitude": "14.84417000",
    "native": null,
    "timezone": "Europe/Vienna",
    "translations": {}
  },
  {
    "id": 3061,
    "name": "Wolfsberg District",
    "state_id": 2057,
    "state_code": "2",
    "country_id": 15,
    "country_code": "AT",
    "latitude": "46.83333000",
    "longitude": "14.83333000",
    "native": null,
    "timezone": "Europe/Vienna",
    "translations": {}
  },
  {
    "id": 3849,
    "name": "Wudmath",
    "state_id": 2057,
    "state_code": "2",
    "country_id": 15,
    "country_code": "AT",
    "latitude": "46.59634000",
    "longitude": "13.98067000",
    "native": null,
    "timezone": "Europe/Vienna",
    "translations": {}
  },
  {
    "id": 143871,
    "name": "Zell",
    "state_id": 2057,
    "state_code": "2",
    "country_id": 15,
    "country_code": "AT",
    "latitude": "46.47222222",
    "longitude": "14.38888889",
    "native": null,
    "timezone": "Europe/Vienna",
    "translations": {}
  }
]