[
  {
    "id": 659,
    "name": "Ancasti",
    "state_id": 3647,
    "state_code": "K",
    "country_id": 11,
    "country_code": "AR",
    "latitude": "-28.81247000",
    "longitude": "-65.50145000",
    "native": null,
    "timezone": "America/Argentina/Buenos_Aires",
    "translations": {}
  },
  {
    "id": 661,
    "name": "Andalgalá",
    "state_id": 3647,
    "state_code": "K",
    "country_id": 11,
    "country_code": "AR",
    "latitude": "-27.58185000",
    "longitude": "-66.31626000",
    "native": null,
    "timezone": "America/Argentina/Buenos_Aires",
    "translations": {}
  },
  {
    "id": 663,
    "name": "Antofagasta de la Sierra",
    "state_id": 3647,
    "state_code": "K",
    "country_id": 11,
    "country_code": "AR",
    "latitude": "-26.05940000",
    "longitude": "-67.40636000",
    "native": null,
    "timezone": "America/Argentina/Buenos_Aires",
    "translations": {}
  },
  {
    "id": 726,
    "name": "Capayán",
    "state_id": 3647,
    "state_code": "K",
    "country_id": 11,
    "country_code": "AR",
    "latitude": "-28.77436000",
    "longitude": "-66.04749000",
    "native": null,
    "timezone": "America/Argentina/Buenos_Aires",
    "translations": {}
  },
  {
    "id": 824,
    "name": "Departamento de Ambato",
    "state_id": 3647,
    "state_code": "K",
    "country_id": 11,
    "country_code": "AR",
    "latitude": "-28.00000000",
    "longitude": "-65.91667000",
    "native": null,
    "timezone": "America/Argentina/Buenos_Aires",
    "translations": {}
  },
  {
    "id": 825,
    "name": "Departamento de Ancasti",
    "state_id": 3647,
    "state_code": "K",
    "country_id": 11,
    "country_code": "AR",
    "latitude": "-29.00000000",
    "longitude": "-65.50000000",
    "native": null,
    "timezone": "America/Argentina/Buenos_Aires",
    "translations": {}
  },
  {
    "id": 826,
    "name": "Departamento de Andalgalá",
    "state_id": 3647,
    "state_code": "K",
    "country_id": 11,
    "country_code": "AR",
    "latitude": "-27.58333000",
    "longitude": "-66.46667000",
    "native": null,
    "timezone": "America/Argentina/Buenos_Aires",
    "translations": {}
  },
  {
    "id": 829,
    "name": "Departamento de Antofagasta de la Sierra",
    "state_id": 3647,
    "state_code": "K",
    "country_id": 11,
    "country_code": "AR",
    "latitude": "-26.00000000",
    "longitude": "-67.58333000",
    "native": null,
    "timezone": "America/Argentina/Buenos_Aires",
    "translations": {}
  },
  {
    "id": 846,
    "name": "Departamento de Capayán",
    "state_id": 3647,
    "state_code": "K",
    "country_id": 11,
    "country_code": "AR",
    "latitude": "-28.83333000",
    "longitude": "-66.00000000",
    "native": null,
    "timezone": "America/Argentina/Buenos_Aires",
    "translations": {}
  },
  {
    "id": 849,
    "name": "Departamento de Capital",
    "state_id": 3647,
    "state_code": "K",
    "country_id": 11,
    "country_code": "AR",
    "latitude": "-28.41667000",
    "longitude": "-65.80000000",
    "native": null,
    "timezone": "America/Argentina/Buenos_Aires",
    "translations": {}
  },
  {
    "id": 877,
    "name": "Departamento de El Alto",
    "state_id": 3647,
    "state_code": "K",
    "country_id": 11,
    "country_code": "AR",
    "latitude": "-28.41667000",
    "longitude": "-65.41667000",
    "native": null,
    "timezone": "America/Argentina/Buenos_Aires",
    "translations": {}
  },
  {
    "id": 884,
    "name": "Departamento de Fray Mamerto Esquiú",
    "state_id": 3647,
    "state_code": "K",
    "country_id": 11,
    "country_code": "AR",
    "latitude": "-28.30000000",
    "longitude": "-65.75000000",
    "native": null,
    "timezone": "America/Argentina/Buenos_Aires",
    "translations": {}
  },
  {
    "id": 918,
    "name": "Departamento de La Paz",
    "state_id": 3647,
    "state_code": "K",
    "country_id": 11,
    "country_code": "AR",
    "latitude": "-29.25000000",
    "longitude": "-65.25000000",
    "native": null,
    "timezone": "America/Argentina/Buenos_Aires",
    "translations": {}
  },
  {
    "id": 959,
    "name": "Departamento de Pomán",
    "state_id": 3647,
    "state_code": "K",
    "country_id": 11,
    "country_code": "AR",
    "latitude": "-28.25000000",
    "longitude": "-66.41667000",
    "native": null,
    "timezone": "America/Argentina/Buenos_Aires",
    "translations": {}
  },
  {
    "id": 1006,
    "name": "Departamento de Santa María",
    "state_id": 3647,
    "state_code": "K",
    "country_id": 11,
    "country_code": "AR",
    "latitude": "-26.66667000",
    "longitude": "-66.41667000",
    "native": null,
    "timezone": "America/Argentina/Buenos_Aires",
    "translations": {}
  },
  {
    "id": 1007,
    "name": "Departamento de Santa Rosa",
    "state_id": 3647,
    "state_code": "K",
    "country_id": 11,
    "country_code": "AR",
    "latitude": "-28.08333000",
    "longitude": "-65.25000000",
    "native": null,
    "timezone": "America/Argentina/Buenos_Aires",
    "translations": {}
  },
  {
    "id": 1020,
    "name": "Departamento de Tinogasta",
    "state_id": 3647,
    "state_code": "K",
    "country_id": 11,
    "country_code": "AR",
    "latitude": "-27.50000000",
    "longitude": "-68.00000000",
    "native": null,
    "timezone": "America/Argentina/Buenos_Aires",
    "translations": {}
  },
  {
    "id": 1030,
    "name": "Departamento de Valle Viejo",
    "state_id": 3647,
    "state_code": "K",
    "country_id": 11,
    "country_code": "AR",
    "latitude": "-28.58333000",
    "longitude": "-65.75000000",
    "native": null,
    "timezone": "America/Argentina/Buenos_Aires",
    "translations": {}
  },
  {
    "id": 1060,
    "name": "El Rodeo",
    "state_id": 3647,
    "state_code": "K",
    "country_id": 11,
    "country_code": "AR",
    "latitude": "-28.21518000",
    "longitude": "-65.87420000",
    "native": null,
    "timezone": "America/Argentina/Buenos_Aires",
    "translations": {}
  },
  {
    "id": 1078,
    "name": "Fiambalá",
    "state_id": 3647,
    "state_code": "K",
    "country_id": 11,
    "country_code": "AR",
    "latitude": "-27.67225000",
    "longitude": "-67.61870000",
    "native": null,
    "timezone": "America/Argentina/Buenos_Aires",
    "translations": {}
  },
  {
    "id": 1142,
    "name": "Hualfín",
    "state_id": 3647,
    "state_code": "K",
    "country_id": 11,
    "country_code": "AR",
    "latitude": "-27.22896000",
    "longitude": "-66.83131000",
    "native": null,
    "timezone": "America/Argentina/Buenos_Aires",
    "translations": {}
  },
  {
    "id": 1145,
    "name": "Huillapima",
    "state_id": 3647,
    "state_code": "K",
    "country_id": 11,
    "country_code": "AR",
    "latitude": "-28.72533000",
    "longitude": "-65.97870000",
    "native": null,
    "timezone": "America/Argentina/Buenos_Aires",
    "translations": {}
  },
  {
    "id": 1149,
    "name": "Icaño",
    "state_id": 3647,
    "state_code": "K",
    "country_id": 11,
    "country_code": "AR",
    "latitude": "-28.91934000",
    "longitude": "-65.32817000",
    "native": null,
    "timezone": "America/Argentina/Buenos_Aires",
    "translations": {}
  },
  {
    "id": 1197,
    "name": "La Puerta de San José",
    "state_id": 3647,
    "state_code": "K",
    "country_id": 11,
    "country_code": "AR",
    "latitude": "-27.55000000",
    "longitude": "-67.01667000",
    "native": null,
    "timezone": "America/Argentina/Buenos_Aires",
    "translations": {}
  },
  {
    "id": 1239,
    "name": "Londres",
    "state_id": 3647,
    "state_code": "K",
    "country_id": 11,
    "country_code": "AR",
    "latitude": "-27.71439000",
    "longitude": "-67.13349000",
    "native": null,
    "timezone": "America/Argentina/Buenos_Aires",
    "translations": {}
  },
  {
    "id": 1243,
    "name": "Los Altos",
    "state_id": 3647,
    "state_code": "K",
    "country_id": 11,
    "country_code": "AR",
    "latitude": "-28.04845000",
    "longitude": "-65.49945000",
    "native": null,
    "timezone": "America/Argentina/Buenos_Aires",
    "translations": {}
  },
  {
    "id": 1256,
    "name": "Los Varela",
    "state_id": 3647,
    "state_code": "K",
    "country_id": 11,
    "country_code": "AR",
    "latitude": "-27.93003000",
    "longitude": "-65.87153000",
    "native": null,
    "timezone": "America/Argentina/Buenos_Aires",
    "translations": {}
  },
  {
    "id": 1294,
    "name": "Mutquín",
    "state_id": 3647,
    "state_code": "K",
    "country_id": 11,
    "country_code": "AR",
    "latitude": "-28.32104000",
    "longitude": "-66.14253000",
    "native": null,
    "timezone": "America/Argentina/Buenos_Aires",
    "translations": {}
  },
  {
    "id": 1340,
    "name": "Pomán",
    "state_id": 3647,
    "state_code": "K",
    "country_id": 11,
    "country_code": "AR",
    "latitude": "-28.39455000",
    "longitude": "-66.22052000",
    "native": null,
    "timezone": "America/Argentina/Buenos_Aires",
    "translations": {}
  },
  {
    "id": 1350,
    "name": "Puerta de Corral Quemado",
    "state_id": 3647,
    "state_code": "K",
    "country_id": 11,
    "country_code": "AR",
    "latitude": "-27.23000000",
    "longitude": "-66.93635000",
    "native": null,
    "timezone": "America/Argentina/Buenos_Aires",
    "translations": {}
  },
  {
    "id": 1378,
    "name": "Recreo",
    "state_id": 3647,
    "state_code": "K",
    "country_id": 11,
    "country_code": "AR",
    "latitude": "-29.28184000",
    "longitude": "-65.06096000",
    "native": null,
    "timezone": "America/Argentina/Buenos_Aires",
    "translations": {}
  },
  {
    "id": 1408,
    "name": "San Antonio",
    "state_id": 3647,
    "state_code": "K",
    "country_id": 11,
    "country_code": "AR",
    "latitude": "-28.01009000",
    "longitude": "-65.70874000",
    "native": null,
    "timezone": "America/Argentina/Buenos_Aires",
    "translations": {}
  },
  {
    "id": 1421,
    "name": "San Fernando del Valle de Catamarca",
    "state_id": 3647,
    "state_code": "K",
    "country_id": 11,
    "country_code": "AR",
    "latitude": "-28.46957000",
    "longitude": "-65.78524000",
    "native": null,
    "timezone": "America/Argentina/Buenos_Aires",
    "translations": {}
  },
  {
    "id": 1464,
    "name": "Santa María",
    "state_id": 3647,
    "state_code": "K",
    "country_id": 11,
    "country_code": "AR",
    "latitude": "-26.69547000",
    "longitude": "-66.04732000",
    "native": null,
    "timezone": "America/Argentina/Buenos_Aires",
    "translations": {}
  },
  {
    "id": 1505,
    "name": "Tinogasta",
    "state_id": 3647,
    "state_code": "K",
    "country_id": 11,
    "country_code": "AR",
    "latitude": "-28.06319000",
    "longitude": "-67.56488000",
    "native": null,
    "timezone": "America/Argentina/Buenos_Aires",
    "translations": {}
  }
]