[
  {
    "id": 850,
    "name": "Departamento de Capital",
    "state_id": 3646,
    "state_code": "M",
    "country_id": 11,
    "country_code": "AR",
    "latitude": "-32.88469000",
    "longitude": "-68.85826000",
    "native": null,
    "timezone": "America/Argentina/Buenos_Aires",
    "translations": {}
  },
  {
    "id": 889,
    "name": "Departamento de General Alvear",
    "state_id": 3646,
    "state_code": "M",
    "country_id": 11,
    "country_code": "AR",
    "latitude": "-35.16667000",
    "longitude": "-67.33333000",
    "native": null,
    "timezone": "America/Argentina/Buenos_Aires",
    "translations": {}
  },
  {
    "id": 898,
    "name": "Departamento de Godoy Cruz",
    "state_id": 3646,
    "state_code": "M",
    "country_id": 11,
    "country_code": "AR",
    "latitude": "-32.93333000",
    "longitude": "-68.86667000",
    "native": null,
    "timezone": "America/Argentina/Buenos_Aires",
    "translations": {}
  },
  {
    "id": 905,
    "name": "Departamento de Guaymallén",
    "state_id": 3646,
    "state_code": "M",
    "country_id": 11,
    "country_code": "AR",
    "latitude": "-32.88333000",
    "longitude": "-68.70000000",
    "native": null,
    "timezone": "America/Argentina/Buenos_Aires",
    "translations": {}
  },
  {
    "id": 919,
    "name": "Departamento de La Paz",
    "state_id": 3646,
    "state_code": "M",
    "country_id": 11,
    "country_code": "AR",
    "latitude": "-33.66667000",
    "longitude": "-67.25000000",
    "native": null,
    "timezone": "America/Argentina/Buenos_Aires",
    "translations": {}
  },
  {
    "id": 924,
    "name": "Departamento de Las Heras",
    "state_id": 3646,
    "state_code": "M",
    "country_id": 11,
    "country_code": "AR",
    "latitude": "-32.50000000",
    "longitude": "-69.50000000",
    "native": null,
    "timezone": "America/Argentina/Buenos_Aires",
    "translations": {}
  },
  {
    "id": 926,
    "name": "Departamento de Lavalle",
    "state_id": 3646,
    "state_code": "M",
    "country_id": 11,
    "country_code": "AR",
    "latitude": "-32.50000000",
    "longitude": "-68.00000000",
    "native": null,
    "timezone": "America/Argentina/Buenos_Aires",
    "translations": {}
  },
  {
    "id": 932,
    "name": "Departamento de Luján",
    "state_id": 3646,
    "state_code": "M",
    "country_id": 11,
    "country_code": "AR",
    "latitude": "-33.00000000",
    "longitude": "-69.33333000",
    "native": null,
    "timezone": "America/Argentina/Buenos_Aires",
    "translations": {}
  },
  {
    "id": 936,
    "name": "Departamento de Maipú",
    "state_id": 3646,
    "state_code": "M",
    "country_id": 11,
    "country_code": "AR",
    "latitude": "-33.00000000",
    "longitude": "-68.58333000",
    "native": null,
    "timezone": "America/Argentina/Buenos_Aires",
    "translations": {}
  },
  {
    "id": 938,
    "name": "Departamento de Malargüe",
    "state_id": 3646,
    "state_code": "M",
    "country_id": 11,
    "country_code": "AR",
    "latitude": "-36.25000000",
    "longitude": "-69.25000000",
    "native": null,
    "timezone": "America/Argentina/Buenos_Aires",
    "translations": {}
  },
  {
    "id": 967,
    "name": "Departamento de Rivadavia",
    "state_id": 3646,
    "state_code": "M",
    "country_id": 11,
    "country_code": "AR",
    "latitude": "-33.18000000",
    "longitude": "-68.46600000",
    "native": null,
    "timezone": "America/Argentina/Buenos_Aires",
    "translations": {}
  },
  {
    "id": 983,
    "name": "Departamento de San Carlos",
    "state_id": 3646,
    "state_code": "M",
    "country_id": 11,
    "country_code": "AR",
    "latitude": "-34.00000000",
    "longitude": "-69.00000000",
    "native": null,
    "timezone": "America/Argentina/Buenos_Aires",
    "translations": {}
  },
  {
    "id": 999,
    "name": "Departamento de San Martín",
    "state_id": 3646,
    "state_code": "M",
    "country_id": 11,
    "country_code": "AR",
    "latitude": "-32.83730000",
    "longitude": "-68.24922000",
    "native": null,
    "timezone": "America/Argentina/Buenos_Aires",
    "translations": {}
  },
  {
    "id": 1003,
    "name": "Departamento de San Rafael",
    "state_id": 3646,
    "state_code": "M",
    "country_id": 11,
    "country_code": "AR",
    "latitude": "-35.00000000",
    "longitude": "-68.83333000",
    "native": null,
    "timezone": "America/Argentina/Buenos_Aires",
    "translations": {}
  },
  {
    "id": 1008,
    "name": "Departamento de Santa Rosa",
    "state_id": 3646,
    "state_code": "M",
    "country_id": 11,
    "country_code": "AR",
    "latitude": "-33.50000000",
    "longitude": "-68.00000000",
    "native": null,
    "timezone": "America/Argentina/Buenos_Aires",
    "translations": {}
  },
  {
    "id": 1026,
    "name": "Departamento de Tunuyán",
    "state_id": 3646,
    "state_code": "M",
    "country_id": 11,
    "country_code": "AR",
    "latitude": "-33.66667000",
    "longitude": "-69.50000000",
    "native": null,
    "timezone": "America/Argentina/Buenos_Aires",
    "translations": {}
  },
  {
    "id": 1027,
    "name": "Departamento de Tupungato",
    "state_id": 3646,
    "state_code": "M",
    "country_id": 11,
    "country_code": "AR",
    "latitude": "-33.25000000",
    "longitude": "-69.25000000",
    "native": null,
    "timezone": "America/Argentina/Buenos_Aires",
    "translations": {}
  },
  {
    "id": 1122,
    "name": "Godoy Cruz",
    "state_id": 3646,
    "state_code": "M",
    "country_id": 11,
    "country_code": "AR",
    "latitude": "-32.92863000",
    "longitude": "-68.83510000",
    "native": null,
    "timezone": "America/Argentina/Buenos_Aires",
    "translations": {}
  },
  {
    "id": 1219,
    "name": "Las Heras",
    "state_id": 3646,
    "state_code": "M",
    "country_id": 11,
    "country_code": "AR",
    "latitude": "-32.85273000",
    "longitude": "-68.82837000",
    "native": null,
    "timezone": "America/Argentina/Buenos_Aires",
    "translations": {}
  },
  {
    "id": 1278,
    "name": "Mendoza",
    "state_id": 3646,
    "state_code": "M",
    "country_id": 11,
    "country_code": "AR",
    "latitude": "-32.89084000",
    "longitude": "-68.82717000",
    "native": null,
    "timezone": "America/Argentina/Buenos_Aires",
    "translations": {}
  },
  {
    "id": 1440,
    "name": "San Martín",
    "state_id": 3646,
    "state_code": "M",
    "country_id": 11,
    "country_code": "AR",
    "latitude": "-33.08103000",
    "longitude": "-68.46814000",
    "native": null,
    "timezone": "America/Argentina/Buenos_Aires",
    "translations": {}
  },
  {
    "id": 1448,
    "name": "San Rafael",
    "state_id": 3646,
    "state_code": "M",
    "country_id": 11,
    "country_code": "AR",
    "latitude": "-34.61772000",
    "longitude": "-68.33007000",
    "native": null,
    "timezone": "America/Argentina/Buenos_Aires",
    "translations": {}
  }
]