[
  {
    "id": 1603,
    "name": "Abtenau",
    "state_id": 2061,
    "state_code": "5",
    "country_id": 15,
    "country_code": "AT",
    "latitude": "47.56373000",
    "longitude": "13.34599000",
    "native": null,
    "timezone": "Europe/Vienna",
    "translations": {}
  },
  {
    "id": 1611,
    "name": "Adnet",
    "state_id": 2061,
    "state_code": "5",
    "country_id": 15,
    "country_code": "AT",
    "latitude": "47.69746000",
    "longitude": "13.13115000",
    "native": null,
    "timezone": "Europe/Vienna",
    "translations": {}
  },
  {
    "id": 1644,
    "name": "Altenmarkt im Pongau",
    "state_id": 2061,
    "state_code": "5",
    "country_id": 15,
    "country_code": "AT",
    "latitude": "47.38333000",
    "longitude": "13.41667000",
    "native": null,
    "timezone": "Europe/Vienna",
    "translations": {}
  },
  {
    "id": 1663,
    "name": "Anger",
    "state_id": 2061,
    "state_code": "5",
    "country_id": 15,
    "country_code": "AT",
    "latitude": "47.15593000",
    "longitude": "13.10592000",
    "native": null,
    "timezone": "Europe/Vienna",
    "translations": {}
  },
  {
    "id": 1667,
    "name": "Anif",
    "state_id": 2061,
    "state_code": "5",
    "country_id": 15,
    "country_code": "AT",
    "latitude": "47.75000000",
    "longitude": "13.06667000",
    "native": null,
    "timezone": "Europe/Vienna",
    "translations": {}
  },
  {
    "id": 1672,
    "name": "Anthering",
    "state_id": 2061,
    "state_code": "5",
    "country_id": 15,
    "country_code": "AT",
    "latitude": "47.88333000",
    "longitude": "13.01667000",
    "native": null,
    "timezone": "Europe/Vienna",
    "translations": {}
  },
  {
    "id": 1702,
    "name": "Au",
    "state_id": 2061,
    "state_code": "5",
    "country_id": 15,
    "country_code": "AT",
    "latitude": "47.70000000",
    "longitude": "13.06667000",
    "native": null,
    "timezone": "Europe/Vienna",
    "translations": {}
  },
  {
    "id": 1722,
    "name": "Bad Gastein",
    "state_id": 2061,
    "state_code": "5",
    "country_id": 15,
    "country_code": "AT",
    "latitude": "47.11547000",
    "longitude": "13.13467000",
    "native": null,
    "timezone": "Europe/Vienna",
    "translations": {}
  },
  {
    "id": 1726,
    "name": "Bad Hofgastein",
    "state_id": 2061,
    "state_code": "5",
    "country_id": 15,
    "country_code": "AT",
    "latitude": "47.17274000",
    "longitude": "13.09871000",
    "native": null,
    "timezone": "Europe/Vienna",
    "translations": {}
  },
  {
    "id": 1758,
    "name": "Bergheim",
    "state_id": 2061,
    "state_code": "5",
    "country_id": 15,
    "country_code": "AT",
    "latitude": "47.83333000",
    "longitude": "13.03333000",
    "native": null,
    "timezone": "Europe/Vienna",
    "translations": {}
  },
  {
    "id": 1763,
    "name": "Berndorf bei Salzburg",
    "state_id": 2061,
    "state_code": "5",
    "country_id": 15,
    "country_code": "AT",
    "latitude": "47.99532000",
    "longitude": "13.06146000",
    "native": null,
    "timezone": "Europe/Vienna",
    "translations": {}
  },
  {
    "id": 1777,
    "name": "Bischofshofen",
    "state_id": 2061,
    "state_code": "5",
    "country_id": 15,
    "country_code": "AT",
    "latitude": "47.41667000",
    "longitude": "13.21667000",
    "native": null,
    "timezone": "Europe/Vienna",
    "translations": {}
  },
  {
    "id": 1789,
    "name": "Bramberg am Wildkogel",
    "state_id": 2061,
    "state_code": "5",
    "country_id": 15,
    "country_code": "AT",
    "latitude": "47.26979000",
    "longitude": "12.33850000",
    "native": null,
    "timezone": "Europe/Vienna",
    "translations": {}
  },
  {
    "id": 1808,
    "name": "Bruck an der Großglocknerstraße",
    "state_id": 2061,
    "state_code": "5",
    "country_id": 15,
    "country_code": "AT",
    "latitude": "47.28494000",
    "longitude": "12.82310000",
    "native": null,
    "timezone": "Europe/Vienna",
    "translations": {}
  },
  {
    "id": 1821,
    "name": "Burgfried",
    "state_id": 2061,
    "state_code": "5",
    "country_id": 15,
    "country_code": "AT",
    "latitude": "47.68004000",
    "longitude": "13.11175000",
    "native": null,
    "timezone": "Europe/Vienna",
    "translations": {}
  },
  {
    "id": 1826,
    "name": "Bürmoos",
    "state_id": 2061,
    "state_code": "5",
    "country_id": 15,
    "country_code": "AT",
    "latitude": "47.98343000",
    "longitude": "12.91786000",
    "native": null,
    "timezone": "Europe/Vienna",
    "translations": {}
  },
  {
    "id": 1848,
    "name": "Dienten am Hochkönig",
    "state_id": 2061,
    "state_code": "5",
    "country_id": 15,
    "country_code": "AT",
    "latitude": "47.38324000",
    "longitude": "13.00369000",
    "native": null,
    "timezone": "Europe/Vienna",
    "translations": {}
  },
  {
    "id": 1862,
    "name": "Dorfbeuern",
    "state_id": 2061,
    "state_code": "5",
    "country_id": 15,
    "country_code": "AT",
    "latitude": "48.01667000",
    "longitude": "13.01667000",
    "native": null,
    "timezone": "Europe/Vienna",
    "translations": {}
  },
  {
    "id": 1863,
    "name": "Dorfgastein",
    "state_id": 2061,
    "state_code": "5",
    "country_id": 15,
    "country_code": "AT",
    "latitude": "47.24172000",
    "longitude": "13.10223000",
    "native": null,
    "timezone": "Europe/Vienna",
    "translations": {}
  },
  {
    "id": 1882,
    "name": "Eben im Pongau",
    "state_id": 2061,
    "state_code": "5",
    "country_id": 15,
    "country_code": "AT",
    "latitude": "47.40000000",
    "longitude": "13.40000000",
    "native": null,
    "timezone": "Europe/Vienna",
    "translations": {}
  },
  {
    "id": 1883,
    "name": "Ebenau",
    "state_id": 2061,
    "state_code": "5",
    "country_id": 15,
    "country_code": "AT",
    "latitude": "47.79073000",
    "longitude": "13.17527000",
    "native": null,
    "timezone": "Europe/Vienna",
    "translations": {}
  },
  {
    "id": 1896,
    "name": "Eching",
    "state_id": 2061,
    "state_code": "5",
    "country_id": 15,
    "country_code": "AT",
    "latitude": "47.97263000",
    "longitude": "12.88786000",
    "native": null,
    "timezone": "Europe/Vienna",
    "translations": {}
  },
  {
    "id": 1929,
    "name": "Elixhausen",
    "state_id": 2061,
    "state_code": "5",
    "country_id": 15,
    "country_code": "AT",
    "latitude": "47.86667000",
    "longitude": "13.06667000",
    "native": null,
    "timezone": "Europe/Vienna",
    "translations": {}
  },
  {
    "id": 1933,
    "name": "Elsbethen",
    "state_id": 2061,
    "state_code": "5",
    "country_id": 15,
    "country_code": "AT",
    "latitude": "47.76464000",
    "longitude": "13.08104000",
    "native": null,
    "timezone": "Europe/Vienna",
    "translations": {}
  },
  {
    "id": 1953,
    "name": "Esch",
    "state_id": 2061,
    "state_code": "5",
    "country_id": 15,
    "country_code": "AT",
    "latitude": "47.84030000",
    "longitude": "13.09223000",
    "native": null,
    "timezone": "Europe/Vienna",
    "translations": {}
  },
  {
    "id": 1955,
    "name": "Eugendorf",
    "state_id": 2061,
    "state_code": "5",
    "country_id": 15,
    "country_code": "AT",
    "latitude": "47.86765000",
    "longitude": "13.12609000",
    "native": null,
    "timezone": "Europe/Vienna",
    "translations": {}
  },
  {
    "id": 1958,
    "name": "Faistenau",
    "state_id": 2061,
    "state_code": "5",
    "country_id": 15,
    "country_code": "AT",
    "latitude": "47.77767000",
    "longitude": "13.23393000",
    "native": null,
    "timezone": "Europe/Vienna",
    "translations": {}
  },
  {
    "id": 1986,
    "name": "Filzmoos",
    "state_id": 2061,
    "state_code": "5",
    "country_id": 15,
    "country_code": "AT",
    "latitude": "47.43333000",
    "longitude": "13.51667000",
    "native": null,
    "timezone": "Europe/Vienna",
    "translations": {}
  },
  {
    "id": 1994,
    "name": "Flachau",
    "state_id": 2061,
    "state_code": "5",
    "country_id": 15,
    "country_code": "AT",
    "latitude": "47.34406000",
    "longitude": "13.39148000",
    "native": null,
    "timezone": "Europe/Vienna",
    "translations": {}
  },
  {
    "id": 2007,
    "name": "Forstau",
    "state_id": 2061,
    "state_code": "5",
    "country_id": 15,
    "country_code": "AT",
    "latitude": "47.37842000",
    "longitude": "13.55558000",
    "native": null,
    "timezone": "Europe/Vienna",
    "translations": {}
  },
  {
    "id": 2031,
    "name": "Fuschl am See",
    "state_id": 2061,
    "state_code": "5",
    "country_id": 15,
    "country_code": "AT",
    "latitude": "47.80000000",
    "longitude": "13.30000000",
    "native": null,
    "timezone": "Europe/Vienna",
    "translations": {}
  },
  {
    "id": 2072,
    "name": "Georgenberg",
    "state_id": 2061,
    "state_code": "5",
    "country_id": 15,
    "country_code": "AT",
    "latitude": "47.63333000",
    "longitude": "13.15000000",
    "native": null,
    "timezone": "Europe/Vienna",
    "translations": {}
  },
  {
    "id": 2082,
    "name": "Glanegg",
    "state_id": 2061,
    "state_code": "5",
    "country_id": 15,
    "country_code": "AT",
    "latitude": "47.75000000",
    "longitude": "13.00000000",
    "native": null,
    "timezone": "Europe/Vienna",
    "translations": {}
  },
  {
    "id": 2084,
    "name": "Glasenbach",
    "state_id": 2061,
    "state_code": "5",
    "country_id": 15,
    "country_code": "AT",
    "latitude": "47.76667000",
    "longitude": "13.08333000",
    "native": null,
    "timezone": "Europe/Vienna",
    "translations": {}
  },
  {
    "id": 2103,
    "name": "Golling an der Salzach",
    "state_id": 2061,
    "state_code": "5",
    "country_id": 15,
    "country_code": "AT",
    "latitude": "47.60000000",
    "longitude": "13.16667000",
    "native": null,
    "timezone": "Europe/Vienna",
    "translations": {}
  },
  {
    "id": 2166,
    "name": "Grödig",
    "state_id": 2061,
    "state_code": "5",
    "country_id": 15,
    "country_code": "AT",
    "latitude": "47.73833000",
    "longitude": "13.03730000",
    "native": null,
    "timezone": "Europe/Vienna",
    "translations": {}
  },
  {
    "id": 2139,
    "name": "Grossarl",
    "state_id": 2061,
    "state_code": "5",
    "country_id": 15,
    "country_code": "AT",
    "latitude": "47.23333000",
    "longitude": "13.20000000",
    "native": null,
    "timezone": "Europe/Vienna",
    "translations": {}
  },
  {
    "id": 2140,
    "name": "Grossgmain",
    "state_id": 2061,
    "state_code": "5",
    "country_id": 15,
    "country_code": "AT",
    "latitude": "47.72416000",
    "longitude": "12.90851000",
    "native": null,
    "timezone": "Europe/Vienna",
    "translations": {}
  },
  {
    "id": 2202,
    "name": "Habach",
    "state_id": 2061,
    "state_code": "5",
    "country_id": 15,
    "country_code": "AT",
    "latitude": "47.81753000",
    "longitude": "13.16252000",
    "native": null,
    "timezone": "Europe/Vienna",
    "translations": {}
  },
  {
    "id": 2225,
    "name": "Hallein",
    "state_id": 2061,
    "state_code": "5",
    "country_id": 15,
    "country_code": "AT",
    "latitude": "47.68333000",
    "longitude": "13.10000000",
    "native": null,
    "timezone": "Europe/Vienna",
    "translations": {}
  },
  {
    "id": 2226,
    "name": "Hallwang",
    "state_id": 2061,
    "state_code": "5",
    "country_id": 15,
    "country_code": "AT",
    "latitude": "47.85000000",
    "longitude": "13.08333000",
    "native": null,
    "timezone": "Europe/Vienna",
    "translations": {}
  },
  {
    "id": 2269,
    "name": "Henndorf am Wallersee",
    "state_id": 2061,
    "state_code": "5",
    "country_id": 15,
    "country_code": "AT",
    "latitude": "47.90000000",
    "longitude": "13.18333000",
    "native": null,
    "timezone": "Europe/Vienna",
    "translations": {}
  },
  {
    "id": 2283,
    "name": "Himmelreich",
    "state_id": 2061,
    "state_code": "5",
    "country_id": 15,
    "country_code": "AT",
    "latitude": "47.80000000",
    "longitude": "12.98333000",
    "native": null,
    "timezone": "Europe/Vienna",
    "translations": {}
  },
  {
    "id": 2286,
    "name": "Hinterglemm",
    "state_id": 2061,
    "state_code": "5",
    "country_id": 15,
    "country_code": "AT",
    "latitude": "47.37685000",
    "longitude": "12.59583000",
    "native": null,
    "timezone": "Europe/Vienna",
    "translations": {}
  },
  {
    "id": 2288,
    "name": "Hintersee",
    "state_id": 2061,
    "state_code": "5",
    "country_id": 15,
    "country_code": "AT",
    "latitude": "47.70000000",
    "longitude": "13.28333000",
    "native": null,
    "timezone": "Europe/Vienna",
    "translations": {}
  },
  {
    "id": 2304,
    "name": "Hof",
    "state_id": 2061,
    "state_code": "5",
    "country_id": 15,
    "country_code": "AT",
    "latitude": "47.35000000",
    "longitude": "13.31667000",
    "native": null,
    "timezone": "Europe/Vienna",
    "translations": {}
  },
  {
    "id": 2306,
    "name": "Hof bei Salzburg",
    "state_id": 2061,
    "state_code": "5",
    "country_id": 15,
    "country_code": "AT",
    "latitude": "47.81929000",
    "longitude": "13.21488000",
    "native": null,
    "timezone": "Europe/Vienna",
    "translations": {}
  },
  {
    "id": 2325,
    "name": "Hollersbach im Pinzgau",
    "state_id": 2061,
    "state_code": "5",
    "country_id": 15,
    "country_code": "AT",
    "latitude": "47.27658000",
    "longitude": "12.42326000",
    "native": null,
    "timezone": "Europe/Vienna",
    "translations": {}
  },
  {
    "id": 2347,
    "name": "Hüttau",
    "state_id": 2061,
    "state_code": "5",
    "country_id": 15,
    "country_code": "AT",
    "latitude": "47.41610000",
    "longitude": "13.30775000",
    "native": null,
    "timezone": "Europe/Vienna",
    "translations": {}
  },
  {
    "id": 2349,
    "name": "Hüttschlag",
    "state_id": 2061,
    "state_code": "5",
    "country_id": 15,
    "country_code": "AT",
    "latitude": "47.17635000",
    "longitude": "13.23239000",
    "native": null,
    "timezone": "Europe/Vienna",
    "translations": {}
  },
  {
    "id": 2366,
    "name": "Irrsdorf",
    "state_id": 2061,
    "state_code": "5",
    "country_id": 15,
    "country_code": "AT",
    "latitude": "47.96667000",
    "longitude": "13.28333000",
    "native": null,
    "timezone": "Europe/Vienna",
    "translations": {}
  },
  {
    "id": 2404,
    "name": "Kaprun",
    "state_id": 2061,
    "state_code": "5",
    "country_id": 15,
    "country_code": "AT",
    "latitude": "47.27239000",
    "longitude": "12.75985000",
    "native": null,
    "timezone": "Europe/Vienna",
    "translations": {}
  },
  {
    "id": 2452,
    "name": "Kleinarl",
    "state_id": 2061,
    "state_code": "5",
    "country_id": 15,
    "country_code": "AT",
    "latitude": "47.27725000",
    "longitude": "13.31955000",
    "native": null,
    "timezone": "Europe/Vienna",
    "translations": {}
  },
  {
    "id": 2475,
    "name": "Koppl",
    "state_id": 2061,
    "state_code": "5",
    "country_id": 15,
    "country_code": "AT",
    "latitude": "47.80808000",
    "longitude": "13.15561000",
    "native": null,
    "timezone": "Europe/Vienna",
    "translations": {}
  },
  {
    "id": 2513,
    "name": "Köstendorf",
    "state_id": 2061,
    "state_code": "5",
    "country_id": 15,
    "country_code": "AT",
    "latitude": "47.95000000",
    "longitude": "13.20000000",
    "native": null,
    "timezone": "Europe/Vienna",
    "translations": {}
  },
  {
    "id": 2489,
    "name": "Krimml",
    "state_id": 2061,
    "state_code": "5",
    "country_id": 15,
    "country_code": "AT",
    "latitude": "47.21799000",
    "longitude": "12.17487000",
    "native": null,
    "timezone": "Europe/Vienna",
    "translations": {}
  },
  {
    "id": 2490,
    "name": "Krispl",
    "state_id": 2061,
    "state_code": "5",
    "country_id": 15,
    "country_code": "AT",
    "latitude": "47.71667000",
    "longitude": "13.18333000",
    "native": null,
    "timezone": "Europe/Vienna",
    "translations": {}
  },
  {
    "id": 2502,
    "name": "Kuchl",
    "state_id": 2061,
    "state_code": "5",
    "country_id": 15,
    "country_code": "AT",
    "latitude": "47.62647000",
    "longitude": "13.14480000",
    "native": null,
    "timezone": "Europe/Vienna",
    "translations": {}
  },
  {
    "id": 2529,
    "name": "Lamprechtshausen",
    "state_id": 2061,
    "state_code": "5",
    "country_id": 15,
    "country_code": "AT",
    "latitude": "47.99098000",
    "longitude": "12.95481000",
    "native": null,
    "timezone": "Europe/Vienna",
    "translations": {}
  },
  {
    "id": 2562,
    "name": "Lehen",
    "state_id": 2061,
    "state_code": "5",
    "country_id": 15,
    "country_code": "AT",
    "latitude": "47.87083000",
    "longitude": "13.01722000",
    "native": null,
    "timezone": "Europe/Vienna",
    "translations": {}
  },
  {
    "id": 2572,
    "name": "Lend",
    "state_id": 2061,
    "state_code": "5",
    "country_id": 15,
    "country_code": "AT",
    "latitude": "47.29856000",
    "longitude": "13.05176000",
    "native": null,
    "timezone": "Europe/Vienna",
    "translations": {}
  },
  {
    "id": 2576,
    "name": "Lengfelden",
    "state_id": 2061,
    "state_code": "5",
    "country_id": 15,
    "country_code": "AT",
    "latitude": "47.85000000",
    "longitude": "13.05000000",
    "native": null,
    "timezone": "Europe/Vienna",
    "translations": {}
  },
  {
    "id": 2581,
    "name": "Leogang",
    "state_id": 2061,
    "state_code": "5",
    "country_id": 15,
    "country_code": "AT",
    "latitude": "47.43906000",
    "longitude": "12.76109000",
    "native": null,
    "timezone": "Europe/Vienna",
    "translations": {}
  },
  {
    "id": 2609,
    "name": "Lofer",
    "state_id": 2061,
    "state_code": "5",
    "country_id": 15,
    "country_code": "AT",
    "latitude": "47.58475000",
    "longitude": "12.69333000",
    "native": null,
    "timezone": "Europe/Vienna",
    "translations": {}
  },
  {
    "id": 2627,
    "name": "Maishofen",
    "state_id": 2061,
    "state_code": "5",
    "country_id": 15,
    "country_code": "AT",
    "latitude": "47.36667000",
    "longitude": "12.80000000",
    "native": null,
    "timezone": "Europe/Vienna",
    "translations": {}
  },
  {
    "id": 2639,
    "name": "Maria Alm am Steinernen Meer",
    "state_id": 2061,
    "state_code": "5",
    "country_id": 15,
    "country_code": "AT",
    "latitude": "47.40579000",
    "longitude": "12.90121000",
    "native": null,
    "timezone": "Europe/Vienna",
    "translations": {}
  },
  {
    "id": 2653,
    "name": "Mariapfarr",
    "state_id": 2061,
    "state_code": "5",
    "country_id": 15,
    "country_code": "AT",
    "latitude": "47.15000000",
    "longitude": "13.75000000",
    "native": null,
    "timezone": "Europe/Vienna",
    "translations": {}
  },
  {
    "id": 2671,
    "name": "Mattsee",
    "state_id": 2061,
    "state_code": "5",
    "country_id": 15,
    "country_code": "AT",
    "latitude": "47.96667000",
    "longitude": "13.10000000",
    "native": null,
    "timezone": "Europe/Vienna",
    "translations": {}
  },
  {
    "id": 2681,
    "name": "Mauterndorf",
    "state_id": 2061,
    "state_code": "5",
    "country_id": 15,
    "country_code": "AT",
    "latitude": "47.13451000",
    "longitude": "13.67884000",
    "native": null,
    "timezone": "Europe/Vienna",
    "translations": {}
  },
  {
    "id": 2709,
    "name": "Mitterberghütten",
    "state_id": 2061,
    "state_code": "5",
    "country_id": 15,
    "country_code": "AT",
    "latitude": "47.40000000",
    "longitude": "13.21667000",
    "native": null,
    "timezone": "Europe/Vienna",
    "translations": {}
  },
  {
    "id": 2712,
    "name": "Mitterhofen",
    "state_id": 2061,
    "state_code": "5",
    "country_id": 15,
    "country_code": "AT",
    "latitude": "47.38333000",
    "longitude": "12.80000000",
    "native": null,
    "timezone": "Europe/Vienna",
    "translations": {}
  },
  {
    "id": 2719,
    "name": "Mittersill",
    "state_id": 2061,
    "state_code": "5",
    "country_id": 15,
    "country_code": "AT",
    "latitude": "47.28333000",
    "longitude": "12.48333000",
    "native": null,
    "timezone": "Europe/Vienna",
    "translations": {}
  },
  {
    "id": 2752,
    "name": "Mühlbach am Hochkönig",
    "state_id": 2061,
    "state_code": "5",
    "country_id": 15,
    "country_code": "AT",
    "latitude": "47.37746000",
    "longitude": "13.12926000",
    "native": null,
    "timezone": "Europe/Vienna",
    "translations": {}
  },
  {
    "id": 2784,
    "name": "Neualm",
    "state_id": 2061,
    "state_code": "5",
    "country_id": 15,
    "country_code": "AT",
    "latitude": "47.69336000",
    "longitude": "13.08758000",
    "native": null,
    "timezone": "Europe/Vienna",
    "translations": {}
  },
  {
    "id": 2799,
    "name": "Neukirchen am Großvenediger",
    "state_id": 2061,
    "state_code": "5",
    "country_id": 15,
    "country_code": "AT",
    "latitude": "47.25046000",
    "longitude": "12.27585000",
    "native": null,
    "timezone": "Europe/Vienna",
    "translations": {}
  },
  {
    "id": 2804,
    "name": "Neumarkt am Wallersee",
    "state_id": 2061,
    "state_code": "5",
    "country_id": 15,
    "country_code": "AT",
    "latitude": "47.95000000",
    "longitude": "13.23333000",
    "native": null,
    "timezone": "Europe/Vienna",
    "translations": {}
  },
  {
    "id": 2820,
    "name": "Niederalm",
    "state_id": 2061,
    "state_code": "5",
    "country_id": 15,
    "country_code": "AT",
    "latitude": "47.72872000",
    "longitude": "13.06223000",
    "native": null,
    "timezone": "Europe/Vienna",
    "translations": {}
  },
  {
    "id": 2828,
    "name": "Niedernsill",
    "state_id": 2061,
    "state_code": "5",
    "country_id": 15,
    "country_code": "AT",
    "latitude": "47.28333000",
    "longitude": "12.65000000",
    "native": null,
    "timezone": "Europe/Vienna",
    "translations": {}
  },
  {
    "id": 2838,
    "name": "Nußdorf am Haunsberg",
    "state_id": 2061,
    "state_code": "5",
    "country_id": 15,
    "country_code": "AT",
    "latitude": "47.95944000",
    "longitude": "13.00917000",
    "native": null,
    "timezone": "Europe/Vienna",
    "translations": {}
  },
  {
    "id": 2845,
    "name": "Oberalm",
    "state_id": 2061,
    "state_code": "5",
    "country_id": 15,
    "country_code": "AT",
    "latitude": "47.70000000",
    "longitude": "13.10000000",
    "native": null,
    "timezone": "Europe/Vienna",
    "translations": {}
  },
  {
    "id": 2850,
    "name": "Obergäu",
    "state_id": 2061,
    "state_code": "5",
    "country_id": 15,
    "country_code": "AT",
    "latitude": "47.58955000",
    "longitude": "13.17621000",
    "native": null,
    "timezone": "Europe/Vienna",
    "translations": {}
  },
  {
    "id": 2864,
    "name": "Oberndorf bei Salzburg",
    "state_id": 2061,
    "state_code": "5",
    "country_id": 15,
    "country_code": "AT",
    "latitude": "47.95000000",
    "longitude": "12.93333000",
    "native": null,
    "timezone": "Europe/Vienna",
    "translations": {}
  },
  {
    "id": 2878,
    "name": "Obertrum am See",
    "state_id": 2061,
    "state_code": "5",
    "country_id": 15,
    "country_code": "AT",
    "latitude": "47.93722000",
    "longitude": "13.07722000",
    "native": null,
    "timezone": "Europe/Vienna",
    "translations": {}
  },
  {
    "id": 2957,
    "name": "Pfarrwerfen",
    "state_id": 2061,
    "state_code": "5",
    "country_id": 15,
    "country_code": "AT",
    "latitude": "47.45729000",
    "longitude": "13.20531000",
    "native": null,
    "timezone": "Europe/Vienna",
    "translations": {}
  },
  {
    "id": 2963,
    "name": "Pichl",
    "state_id": 2061,
    "state_code": "5",
    "country_id": 15,
    "country_code": "AT",
    "latitude": "47.28333000",
    "longitude": "12.85000000",
    "native": null,
    "timezone": "Europe/Vienna",
    "translations": {}
  },
  {
    "id": 2967,
    "name": "Piesendorf",
    "state_id": 2061,
    "state_code": "5",
    "country_id": 15,
    "country_code": "AT",
    "latitude": "47.29077000",
    "longitude": "12.71839000",
    "native": null,
    "timezone": "Europe/Vienna",
    "translations": {}
  },
  {
    "id": 2982,
    "name": "Plainfeld",
    "state_id": 2061,
    "state_code": "5",
    "country_id": 15,
    "country_code": "AT",
    "latitude": "47.83333000",
    "longitude": "13.18333000",
    "native": null,
    "timezone": "Europe/Vienna",
    "translations": {}
  },
  {
    "id": 2983,
    "name": "Plankenau",
    "state_id": 2061,
    "state_code": "5",
    "country_id": 15,
    "country_code": "AT",
    "latitude": "47.32673000",
    "longitude": "13.19282000",
    "native": null,
    "timezone": "Europe/Vienna",
    "translations": {}
  },
  {
    "id": 3006,
    "name": "Politischer Bezirk Hallein",
    "state_id": 2061,
    "state_code": "5",
    "country_id": 15,
    "country_code": "AT",
    "latitude": "47.60000000",
    "longitude": "13.30000000",
    "native": null,
    "timezone": "Europe/Vienna",
    "translations": {}
  },
  {
    "id": 3041,
    "name": "Politischer Bezirk Salzburg-Umgebung",
    "state_id": 2061,
    "state_code": "5",
    "country_id": 15,
    "country_code": "AT",
    "latitude": "47.84019000",
    "longitude": "13.18799000",
    "native": null,
    "timezone": "Europe/Vienna",
    "translations": {}
  },
  {
    "id": 3042,
    "name": "Politischer Bezirk Sankt Johann im Pongau",
    "state_id": 2061,
    "state_code": "5",
    "country_id": 15,
    "country_code": "AT",
    "latitude": "47.30000000",
    "longitude": "13.30000000",
    "native": null,
    "timezone": "Europe/Vienna",
    "translations": {}
  },
  {
    "id": 3051,
    "name": "Politischer Bezirk Tamsweg",
    "state_id": 2061,
    "state_code": "5",
    "country_id": 15,
    "country_code": "AT",
    "latitude": "47.15000000",
    "longitude": "13.70000000",
    "native": null,
    "timezone": "Europe/Vienna",
    "translations": {}
  },
  {
    "id": 3088,
    "name": "Puch bei Hallein",
    "state_id": 2061,
    "state_code": "5",
    "country_id": 15,
    "country_code": "AT",
    "latitude": "47.71536000",
    "longitude": "13.09296000",
    "native": null,
    "timezone": "Europe/Vienna",
    "translations": {}
  },
  {
    "id": 3125,
    "name": "Radstadt",
    "state_id": 2061,
    "state_code": "5",
    "country_id": 15,
    "country_code": "AT",
    "latitude": "47.38333000",
    "longitude": "13.45000000",
    "native": null,
    "timezone": "Europe/Vienna",
    "translations": {}
  },
  {
    "id": 3132,
    "name": "Ramingstein",
    "state_id": 2061,
    "state_code": "5",
    "country_id": 15,
    "country_code": "AT",
    "latitude": "47.07462000",
    "longitude": "13.83642000",
    "native": null,
    "timezone": "Europe/Vienna",
    "translations": {}
  },
  {
    "id": 3153,
    "name": "Rauris",
    "state_id": 2061,
    "state_code": "5",
    "country_id": 15,
    "country_code": "AT",
    "latitude": "47.22656000",
    "longitude": "12.99459000",
    "native": null,
    "timezone": "Europe/Vienna",
    "translations": {}
  },
  {
    "id": 3169,
    "name": "Reinbach",
    "state_id": 2061,
    "state_code": "5",
    "country_id": 15,
    "country_code": "AT",
    "latitude": "47.34673000",
    "longitude": "13.19072000",
    "native": null,
    "timezone": "Europe/Vienna",
    "translations": {}
  },
  {
    "id": 3173,
    "name": "Reitberg",
    "state_id": 2061,
    "state_code": "5",
    "country_id": 15,
    "country_code": "AT",
    "latitude": "47.85269000",
    "longitude": "13.15730000",
    "native": null,
    "timezone": "Europe/Vienna",
    "translations": {}
  },
  {
    "id": 3229,
    "name": "Saalbach",
    "state_id": 2061,
    "state_code": "5",
    "country_id": 15,
    "country_code": "AT",
    "latitude": "47.39138000",
    "longitude": "12.63642000",
    "native": null,
    "timezone": "Europe/Vienna",
    "translations": {}
  },
  {
    "id": 3230,
    "name": "Saalfelden am Steinernen Meer",
    "state_id": 2061,
    "state_code": "5",
    "country_id": 15,
    "country_code": "AT",
    "latitude": "47.42681000",
    "longitude": "12.84800000",
    "native": null,
    "timezone": "Europe/Vienna",
    "translations": {}
  },
  {
    "id": 3234,
    "name": "Salzburg",
    "state_id": 2061,
    "state_code": "5",
    "country_id": 15,
    "country_code": "AT",
    "latitude": "47.79941000",
    "longitude": "13.04399000",
    "native": null,
    "timezone": "Europe/Vienna",
    "translations": {}
  },
  {
    "id": 3235,
    "name": "Salzburg Stadt",
    "state_id": 2061,
    "state_code": "5",
    "country_id": 15,
    "country_code": "AT",
    "latitude": "47.80067000",
    "longitude": "13.04532000",
    "native": null,
    "timezone": "Europe/Vienna",
    "translations": {}
  },
  {
    "id": 3241,
    "name": "Sankt Andrä im Lungau",
    "state_id": 2061,
    "state_code": "5",
    "country_id": 15,
    "country_code": "AT",
    "latitude": "47.15000000",
    "longitude": "13.78333000",
    "native": null,
    "timezone": "Europe/Vienna",
    "translations": {}
  },
  {
    "id": 3262,
    "name": "Sankt Gilgen",
    "state_id": 2061,
    "state_code": "5",
    "country_id": 15,
    "country_code": "AT",
    "latitude": "47.76667000",
    "longitude": "13.36667000",
    "native": null,
    "timezone": "Europe/Vienna",
    "translations": {}
  },
  {
    "id": 3269,
    "name": "Sankt Johann im Pongau",
    "state_id": 2061,
    "state_code": "5",
    "country_id": 15,
    "country_code": "AT",
    "latitude": "47.35000000",
    "longitude": "13.20000000",
    "native": null,
    "timezone": "Europe/Vienna",
    "translations": {}
  },
  {
    "id": 3278,
    "name": "Sankt Leonhard",
    "state_id": 2061,
    "state_code": "5",
    "country_id": 15,
    "country_code": "AT",
    "latitude": "47.72587000",
    "longitude": "13.04577000",
    "native": null,
    "timezone": "Europe/Vienna",
    "translations": {}
  },
  {
    "id": 3298,
    "name": "Sankt Margarethen im Lungau",
    "state_id": 2061,
    "state_code": "5",
    "country_id": 15,
    "country_code": "AT",
    "latitude": "47.07927000",
    "longitude": "13.69613000",
    "native": null,
    "timezone": "Europe/Vienna",
    "translations": {}
  },
  {
    "id": 3306,
    "name": "Sankt Martin bei Lofer",
    "state_id": 2061,
    "state_code": "5",
    "country_id": 15,
    "country_code": "AT",
    "latitude": "47.56667000",
    "longitude": "12.70000000",
    "native": null,
    "timezone": "Europe/Vienna",
    "translations": {}
  },
  {
    "id": 3310,
    "name": "Sankt Michael im Lungau",
    "state_id": 2061,
    "state_code": "5",
    "country_id": 15,
    "country_code": "AT",
    "latitude": "47.10000000",
    "longitude": "13.63333000",
    "native": null,
    "timezone": "Europe/Vienna",
    "translations": {}
  },
  {
    "id": 3345,
    "name": "Sankt Veit im Pongau",
    "state_id": 2061,
    "state_code": "5",
    "country_id": 15,
    "country_code": "AT",
    "latitude": "47.33333000",
    "longitude": "13.15000000",
    "native": null,
    "timezone": "Europe/Vienna",
    "translations": {}
  },
  {
    "id": 3364,
    "name": "Scheffau am Tennengebirge",
    "state_id": 2061,
    "state_code": "5",
    "country_id": 15,
    "country_code": "AT",
    "latitude": "47.58831000",
    "longitude": "13.22020000",
    "native": null,
    "timezone": "Europe/Vienna",
    "translations": {}
  },
  {
    "id": 3375,
    "name": "Schleedorf",
    "state_id": 2061,
    "state_code": "5",
    "country_id": 15,
    "country_code": "AT",
    "latitude": "47.95000000",
    "longitude": "13.15000000",
    "native": null,
    "timezone": "Europe/Vienna",
    "translations": {}
  },
  {
    "id": 3396,
    "name": "Schwarzach im Pongau",
    "state_id": 2061,
    "state_code": "5",
    "country_id": 15,
    "country_code": "AT",
    "latitude": "47.32048000",
    "longitude": "13.15171000",
    "native": null,
    "timezone": "Europe/Vienna",
    "translations": {}
  },
  {
    "id": 3432,
    "name": "Seeham",
    "state_id": 2061,
    "state_code": "5",
    "country_id": 15,
    "country_code": "AT",
    "latitude": "47.96746000",
    "longitude": "13.07699000",
    "native": null,
    "timezone": "Europe/Vienna",
    "translations": {}
  },
  {
    "id": 3433,
    "name": "Seekirchen am Wallersee",
    "state_id": 2061,
    "state_code": "5",
    "country_id": 15,
    "country_code": "AT",
    "latitude": "47.89424810",
    "longitude": "13.12607780",
    "native": null,
    "timezone": "Europe/Vienna",
    "translations": {}
  },
  {
    "id": 3435,
    "name": "Seewalchen",
    "state_id": 2061,
    "state_code": "5",
    "country_id": 15,
    "country_code": "AT",
    "latitude": "47.90457680",
    "longitude": "13.13514230",
    "native": null,
    "timezone": "Europe/Vienna",
    "translations": {}
  },
  {
    "id": 3455,
    "name": "Siezenheim",
    "state_id": 2061,
    "state_code": "5",
    "country_id": 15,
    "country_code": "AT",
    "latitude": "47.81529000",
    "longitude": "12.99039000",
    "native": null,
    "timezone": "Europe/Vienna",
    "translations": {}
  },
  {
    "id": 3485,
    "name": "St. Martin of Tennengebirge",
    "state_id": 2061,
    "state_code": "5",
    "country_id": 15,
    "country_code": "AT",
    "latitude": "47.46500000",
    "longitude": "13.37761000",
    "native": null,
    "timezone": "Europe/Vienna",
    "translations": {}
  },
  {
    "id": 3545,
    "name": "Strasswalchen",
    "state_id": 2061,
    "state_code": "5",
    "country_id": 15,
    "country_code": "AT",
    "latitude": "47.97947000",
    "longitude": "13.25535000",
    "native": null,
    "timezone": "Europe/Vienna",
    "translations": {}
  },
  {
    "id": 3553,
    "name": "Strobl",
    "state_id": 2061,
    "state_code": "5",
    "country_id": 15,
    "country_code": "AT",
    "latitude": "47.71667000",
    "longitude": "13.48333000",
    "native": null,
    "timezone": "Europe/Vienna",
    "translations": {}
  },
  {
    "id": 3557,
    "name": "Stuhlfelden",
    "state_id": 2061,
    "state_code": "5",
    "country_id": 15,
    "country_code": "AT",
    "latitude": "47.28761000",
    "longitude": "12.52755000",
    "native": null,
    "timezone": "Europe/Vienna",
    "translations": {}
  },
  {
    "id": 3570,
    "name": "Tamsweg",
    "state_id": 2061,
    "state_code": "5",
    "country_id": 15,
    "country_code": "AT",
    "latitude": "47.12808000",
    "longitude": "13.81102000",
    "native": null,
    "timezone": "Europe/Vienna",
    "translations": {}
  },
  {
    "id": 3575,
    "name": "Taugl",
    "state_id": 2061,
    "state_code": "5",
    "country_id": 15,
    "country_code": "AT",
    "latitude": "47.64747000",
    "longitude": "13.20282000",
    "native": null,
    "timezone": "Europe/Vienna",
    "translations": {}
  },
  {
    "id": 3577,
    "name": "Taxach",
    "state_id": 2061,
    "state_code": "5",
    "country_id": 15,
    "country_code": "AT",
    "latitude": "47.72610000",
    "longitude": "13.07184000",
    "native": null,
    "timezone": "Europe/Vienna",
    "translations": {}
  },
  {
    "id": 3578,
    "name": "Taxenbach",
    "state_id": 2061,
    "state_code": "5",
    "country_id": 15,
    "country_code": "AT",
    "latitude": "47.29116000",
    "longitude": "12.96215000",
    "native": null,
    "timezone": "Europe/Vienna",
    "translations": {}
  },
  {
    "id": 3587,
    "name": "Thalgau",
    "state_id": 2061,
    "state_code": "5",
    "country_id": 15,
    "country_code": "AT",
    "latitude": "47.84142000",
    "longitude": "13.25325000",
    "native": null,
    "timezone": "Europe/Vienna",
    "translations": {}
  },
  {
    "id": 3593,
    "name": "Thomatal",
    "state_id": 2061,
    "state_code": "5",
    "country_id": 15,
    "country_code": "AT",
    "latitude": "47.06667000",
    "longitude": "13.75000000",
    "native": null,
    "timezone": "Europe/Vienna",
    "translations": {}
  },
  {
    "id": 3594,
    "name": "Thumersbach",
    "state_id": 2061,
    "state_code": "5",
    "country_id": 15,
    "country_code": "AT",
    "latitude": "47.32952000",
    "longitude": "12.81675000",
    "native": null,
    "timezone": "Europe/Vienna",
    "translations": {}
  },
  {
    "id": 3637,
    "name": "Tweng",
    "state_id": 2061,
    "state_code": "5",
    "country_id": 15,
    "country_code": "AT",
    "latitude": "47.18333000",
    "longitude": "13.60000000",
    "native": null,
    "timezone": "Europe/Vienna",
    "translations": {}
  },
  {
    "id": 3646,
    "name": "Unken",
    "state_id": 2061,
    "state_code": "5",
    "country_id": 15,
    "country_code": "AT",
    "latitude": "47.64966000",
    "longitude": "12.72946000",
    "native": null,
    "timezone": "Europe/Vienna",
    "translations": {}
  },
  {
    "id": 3657,
    "name": "Unternberg",
    "state_id": 2061,
    "state_code": "5",
    "country_id": 15,
    "country_code": "AT",
    "latitude": "47.11269000",
    "longitude": "13.74261000",
    "native": null,
    "timezone": "Europe/Vienna",
    "translations": {}
  },
  {
    "id": 3662,
    "name": "Untertauern",
    "state_id": 2061,
    "state_code": "5",
    "country_id": 15,
    "country_code": "AT",
    "latitude": "47.30000000",
    "longitude": "13.50000000",
    "native": null,
    "timezone": "Europe/Vienna",
    "translations": {}
  },
  {
    "id": 3669,
    "name": "Uttendorf",
    "state_id": 2061,
    "state_code": "5",
    "country_id": 15,
    "country_code": "AT",
    "latitude": "47.28333000",
    "longitude": "12.56667000",
    "native": null,
    "timezone": "Europe/Vienna",
    "translations": {}
  },
  {
    "id": 3678,
    "name": "Viehhausen",
    "state_id": 2061,
    "state_code": "5",
    "country_id": 15,
    "country_code": "AT",
    "latitude": "47.78333000",
    "longitude": "12.98333000",
    "native": null,
    "timezone": "Europe/Vienna",
    "translations": {}
  },
  {
    "id": 3679,
    "name": "Viehhofen",
    "state_id": 2061,
    "state_code": "5",
    "country_id": 15,
    "country_code": "AT",
    "latitude": "47.36667000",
    "longitude": "12.73333000",
    "native": null,
    "timezone": "Europe/Vienna",
    "translations": {}
  },
  {
    "id": 3682,
    "name": "Vigaun",
    "state_id": 2061,
    "state_code": "5",
    "country_id": 15,
    "country_code": "AT",
    "latitude": "47.66667000",
    "longitude": "13.13333000",
    "native": null,
    "timezone": "Europe/Vienna",
    "translations": {}
  },
  {
    "id": 3711,
    "name": "Wagnergraben",
    "state_id": 2061,
    "state_code": "5",
    "country_id": 15,
    "country_code": "AT",
    "latitude": "48.02036000",
    "longitude": "13.02395000",
    "native": null,
    "timezone": "Europe/Vienna",
    "translations": {}
  },
  {
    "id": 3713,
    "name": "Wagrain",
    "state_id": 2061,
    "state_code": "5",
    "country_id": 15,
    "country_code": "AT",
    "latitude": "47.33528000",
    "longitude": "13.29889000",
    "native": null,
    "timezone": "Europe/Vienna",
    "translations": {}
  },
  {
    "id": 3723,
    "name": "Walchen",
    "state_id": 2061,
    "state_code": "5",
    "country_id": 15,
    "country_code": "AT",
    "latitude": "47.28822000",
    "longitude": "12.68739000",
    "native": null,
    "timezone": "Europe/Vienna",
    "translations": {}
  },
  {
    "id": 3726,
    "name": "Wald im Pinzgau",
    "state_id": 2061,
    "state_code": "5",
    "country_id": 15,
    "country_code": "AT",
    "latitude": "47.25000000",
    "longitude": "12.23333000",
    "native": null,
    "timezone": "Europe/Vienna",
    "translations": {}
  },
  {
    "id": 3734,
    "name": "Waldprechting",
    "state_id": 2061,
    "state_code": "5",
    "country_id": 15,
    "country_code": "AT",
    "latitude": "47.90000000",
    "longitude": "13.11667000",
    "native": null,
    "timezone": "Europe/Vienna",
    "translations": {}
  },
  {
    "id": 3740,
    "name": "Wals",
    "state_id": 2061,
    "state_code": "5",
    "country_id": 15,
    "country_code": "AT",
    "latitude": "47.78333000",
    "longitude": "12.96667000",
    "native": null,
    "timezone": "Europe/Vienna",
    "translations": {}
  },
  {
    "id": 3741,
    "name": "Walserfeld",
    "state_id": 2061,
    "state_code": "5",
    "country_id": 15,
    "country_code": "AT",
    "latitude": "47.79222000",
    "longitude": "12.98000000",
    "native": null,
    "timezone": "Europe/Vienna",
    "translations": {}
  },
  {
    "id": 3792,
    "name": "Werfen",
    "state_id": 2061,
    "state_code": "5",
    "country_id": 15,
    "country_code": "AT",
    "latitude": "47.47585000",
    "longitude": "13.19020000",
    "native": null,
    "timezone": "Europe/Vienna",
    "translations": {}
  },
  {
    "id": 3793,
    "name": "Werfenweng",
    "state_id": 2061,
    "state_code": "5",
    "country_id": 15,
    "country_code": "AT",
    "latitude": "47.46204000",
    "longitude": "13.25582000",
    "native": null,
    "timezone": "Europe/Vienna",
    "translations": {}
  },
  {
    "id": 3868,
    "name": "Zederhaus",
    "state_id": 2061,
    "state_code": "5",
    "country_id": 15,
    "country_code": "AT",
    "latitude": "47.15570000",
    "longitude": "13.50576000",
    "native": null,
    "timezone": "Europe/Vienna",
    "translations": {}
  },
  {
    "id": 3874,
    "name": "Zell am See",
    "state_id": 2061,
    "state_code": "5",
    "country_id": 15,
    "country_code": "AT",
    "latitude": "47.32556000",
    "longitude": "12.79444000",
    "native": null,
    "timezone": "Europe/Vienna",
    "translations": {}
  }
]