[
  {
    "id": 644,
    "name": "Albardón",
    "state_id": 3634,
    "state_code": "J",
    "country_id": 11,
    "country_code": "AR",
    "latitude": "-31.43722000",
    "longitude": "-68.52556000",
    "native": null,
    "timezone": "America/Argentina/Buenos_Aires",
    "translations": {}
  },
  {
    "id": 714,
    "name": "Calingasta",
    "state_id": 3634,
    "state_code": "J",
    "country_id": 11,
    "country_code": "AR",
    "latitude": "-31.33394000",
    "longitude": "-69.42080000",
    "native": null,
    "timezone": "America/Argentina/Buenos_Aires",
    "translations": {}
  },
  {
    "id": 741,
    "name": "Caucete",
    "state_id": 3634,
    "state_code": "J",
    "country_id": 11,
    "country_code": "AR",
    "latitude": "-31.65179000",
    "longitude": "-68.28105000",
    "native": null,
    "timezone": "America/Argentina/Buenos_Aires",
    "translations": {}
  },
  {
    "id": 762,
    "name": "Chimbas",
    "state_id": 3634,
    "state_code": "J",
    "country_id": 11,
    "country_code": "AR",
    "latitude": "-31.48333000",
    "longitude": "-68.53333000",
    "native": null,
    "timezone": "America/Argentina/Buenos_Aires",
    "translations": {}
  },
  {
    "id": 821,
    "name": "Departamento de Albardón",
    "state_id": 3634,
    "state_code": "J",
    "country_id": 11,
    "country_code": "AR",
    "latitude": "-31.28333000",
    "longitude": "-68.41667000",
    "native": null,
    "timezone": "America/Argentina/Buenos_Aires",
    "translations": {}
  },
  {
    "id": 827,
    "name": "Departamento de Angaco",
    "state_id": 3634,
    "state_code": "J",
    "country_id": 11,
    "country_code": "AR",
    "latitude": "-31.20000000",
    "longitude": "-68.13333000",
    "native": null,
    "timezone": "America/Argentina/Buenos_Aires",
    "translations": {}
  },
  {
    "id": 844,
    "name": "Departamento de Calingasta",
    "state_id": 3634,
    "state_code": "J",
    "country_id": 11,
    "country_code": "AR",
    "latitude": "-31.50000000",
    "longitude": "-69.75000000",
    "native": null,
    "timezone": "America/Argentina/Buenos_Aires",
    "translations": {}
  },
  {
    "id": 851,
    "name": "Departamento de Capital",
    "state_id": 3634,
    "state_code": "J",
    "country_id": 11,
    "country_code": "AR",
    "latitude": "-31.53333000",
    "longitude": "-68.53333000",
    "native": null,
    "timezone": "America/Argentina/Buenos_Aires",
    "translations": {}
  },
  {
    "id": 856,
    "name": "Departamento de Caucete",
    "state_id": 3634,
    "state_code": "J",
    "country_id": 11,
    "country_code": "AR",
    "latitude": "-31.45000000",
    "longitude": "-67.66667000",
    "native": null,
    "timezone": "America/Argentina/Buenos_Aires",
    "translations": {}
  },
  {
    "id": 859,
    "name": "Departamento de Chimbas",
    "state_id": 3634,
    "state_code": "J",
    "country_id": 11,
    "country_code": "AR",
    "latitude": "-31.48738000",
    "longitude": "-68.52691000",
    "native": null,
    "timezone": "America/Argentina/Buenos_Aires",
    "translations": {}
  },
  {
    "id": 907,
    "name": "Departamento de Iglesia",
    "state_id": 3634,
    "state_code": "J",
    "country_id": 11,
    "country_code": "AR",
    "latitude": "-29.33333000",
    "longitude": "-69.58333000",
    "native": null,
    "timezone": "America/Argentina/Buenos_Aires",
    "translations": {}
  },
  {
    "id": 915,
    "name": "Departamento de Jáchal",
    "state_id": 3634,
    "state_code": "J",
    "country_id": 11,
    "country_code": "AR",
    "latitude": "-30.50000000",
    "longitude": "-68.50000000",
    "native": null,
    "timezone": "America/Argentina/Buenos_Aires",
    "translations": {}
  },
  {
    "id": 952,
    "name": "Departamento de Nueve de Julio",
    "state_id": 3634,
    "state_code": "J",
    "country_id": 11,
    "country_code": "AR",
    "latitude": "-31.65072000",
    "longitude": "-68.38925000",
    "native": null,
    "timezone": "America/Argentina/Buenos_Aires",
    "translations": {}
  },
  {
    "id": 964,
    "name": "Departamento de Rawson",
    "state_id": 3634,
    "state_code": "J",
    "country_id": 11,
    "country_code": "AR",
    "latitude": "-31.70000000",
    "longitude": "-68.46667000",
    "native": null,
    "timezone": "America/Argentina/Buenos_Aires",
    "translations": {}
  },
  {
    "id": 966,
    "name": "Departamento de Rivadavia",
    "state_id": 3634,
    "state_code": "J",
    "country_id": 11,
    "country_code": "AR",
    "latitude": "-31.56450000",
    "longitude": "-68.65219000",
    "native": null,
    "timezone": "America/Argentina/Buenos_Aires",
    "translations": {}
  },
  {
    "id": 998,
    "name": "Departamento de San Martín",
    "state_id": 3634,
    "state_code": "J",
    "country_id": 11,
    "country_code": "AR",
    "latitude": "-31.50000000",
    "longitude": "-68.25000000",
    "native": null,
    "timezone": "America/Argentina/Buenos_Aires",
    "translations": {}
  },
  {
    "id": 1005,
    "name": "Departamento de Santa Lucía",
    "state_id": 3634,
    "state_code": "J",
    "country_id": 11,
    "country_code": "AR",
    "latitude": "-31.53333000",
    "longitude": "-68.46667000",
    "native": null,
    "timezone": "America/Argentina/Buenos_Aires",
    "translations": {}
  },
  {
    "id": 1013,
    "name": "Departamento de Sarmiento",
    "state_id": 3634,
    "state_code": "J",
    "country_id": 11,
    "country_code": "AR",
    "latitude": "-32.00000000",
    "longitude": "-68.66667000",
    "native": null,
    "timezone": "America/Argentina/Buenos_Aires",
    "translations": {}
  },
  {
    "id": 1028,
    "name": "Departamento de Ullúm",
    "state_id": 3634,
    "state_code": "J",
    "country_id": 11,
    "country_code": "AR",
    "latitude": "-31.00000000",
    "longitude": "-68.91667000",
    "native": null,
    "timezone": "America/Argentina/Buenos_Aires",
    "translations": {}
  },
  {
    "id": 1036,
    "name": "Departamento de Zonda",
    "state_id": 3634,
    "state_code": "J",
    "country_id": 11,
    "country_code": "AR",
    "latitude": "-31.68260000",
    "longitude": "-68.89938000",
    "native": null,
    "timezone": "America/Argentina/Buenos_Aires",
    "translations": {}
  },
  {
    "id": 1302,
    "name": "Nueve de Julio",
    "state_id": 3634,
    "state_code": "J",
    "country_id": 11,
    "country_code": "AR",
    "latitude": "-31.66914000",
    "longitude": "-68.39023000",
    "native": null,
    "timezone": "America/Argentina/Buenos_Aires",
    "translations": {}
  },
  {
    "id": 1339,
    "name": "Pocito",
    "state_id": 3634,
    "state_code": "J",
    "country_id": 11,
    "country_code": "AR",
    "latitude": "-31.68333000",
    "longitude": "-68.58333000",
    "native": null,
    "timezone": "America/Argentina/Buenos_Aires",
    "translations": {}
  },
  {
    "id": 1407,
    "name": "San Agustín de Valle Fértil",
    "state_id": 3634,
    "state_code": "J",
    "country_id": 11,
    "country_code": "AR",
    "latitude": "-30.63353000",
    "longitude": "-67.46821000",
    "native": null,
    "timezone": "America/Argentina/Buenos_Aires",
    "translations": {}
  },
  {
    "id": 1431,
    "name": "San José de Jáchal",
    "state_id": 3634,
    "state_code": "J",
    "country_id": 11,
    "country_code": "AR",
    "latitude": "-30.24057000",
    "longitude": "-68.74693000",
    "native": null,
    "timezone": "America/Argentina/Buenos_Aires",
    "translations": {}
  },
  {
    "id": 1433,
    "name": "San Juan",
    "state_id": 3634,
    "state_code": "J",
    "country_id": 11,
    "country_code": "AR",
    "latitude": "-31.53750000",
    "longitude": "-68.53639000",
    "native": null,
    "timezone": "America/Argentina/Buenos_Aires",
    "translations": {}
  },
  {
    "id": 1441,
    "name": "San Martín",
    "state_id": 3634,
    "state_code": "J",
    "country_id": 11,
    "country_code": "AR",
    "latitude": "-31.42957000",
    "longitude": "-68.50065000",
    "native": null,
    "timezone": "America/Argentina/Buenos_Aires",
    "translations": {}
  },
  {
    "id": 1460,
    "name": "Santa Lucía",
    "state_id": 3634,
    "state_code": "J",
    "country_id": 11,
    "country_code": "AR",
    "latitude": "-31.53987000",
    "longitude": "-68.49503000",
    "native": null,
    "timezone": "America/Argentina/Buenos_Aires",
    "translations": {}
  },
  {
    "id": 1540,
    "name": "Villa Basilio Nievas",
    "state_id": 3634,
    "state_code": "J",
    "country_id": 11,
    "country_code": "AR",
    "latitude": "-31.55000000",
    "longitude": "-68.73333000",
    "native": null,
    "timezone": "America/Argentina/Buenos_Aires",
    "translations": {}
  },
  {
    "id": 1572,
    "name": "Villa Paula de Sarmiento",
    "state_id": 3634,
    "state_code": "J",
    "country_id": 11,
    "country_code": "AR",
    "latitude": "-31.49330000",
    "longitude": "-68.53838000",
    "native": null,
    "timezone": "America/Argentina/Buenos_Aires",
    "translations": {}
  }
]