[
  {
    "id": 679,
    "name": "Añatuya",
    "state_id": 3635,
    "state_code": "G",
    "country_id": 11,
    "country_code": "AR",
    "latitude": "-28.46064000",
    "longitude": "-62.83472000",
    "native": null,
    "timezone": "America/Argentina/Buenos_Aires",
    "translations": {}
  },
  {
    "id": 691,
    "name": "Beltrán",
    "state_id": 3635,
    "state_code": "G",
    "country_id": 11,
    "country_code": "AR",
    "latitude": "-27.82913000",
    "longitude": "-64.06098000",
    "native": null,
    "timezone": "America/Argentina/Buenos_Aires",
    "translations": {}
  },
  {
    "id": 717,
    "name": "Campo Gallo",
    "state_id": 3635,
    "state_code": "G",
    "country_id": 11,
    "country_code": "AR",
    "latitude": "-26.58333000",
    "longitude": "-62.85000000",
    "native": null,
    "timezone": "America/Argentina/Buenos_Aires",
    "translations": {}
  },
  {
    "id": 771,
    "name": "Clodomira",
    "state_id": 3635,
    "state_code": "G",
    "country_id": 11,
    "country_code": "AR",
    "latitude": "-27.57440000",
    "longitude": "-64.13108000",
    "native": null,
    "timezone": "America/Argentina/Buenos_Aires",
    "translations": {}
  },
  {
    "id": 777,
    "name": "Colonia Dora",
    "state_id": 3635,
    "state_code": "G",
    "country_id": 11,
    "country_code": "AR",
    "latitude": "-28.60000000",
    "longitude": "-62.95000000",
    "native": null,
    "timezone": "America/Argentina/Buenos_Aires",
    "translations": {}
  },
  {
    "id": 820,
    "name": "Departamento de Aguirre",
    "state_id": 3635,
    "state_code": "G",
    "country_id": 11,
    "country_code": "AR",
    "latitude": "-29.33333000",
    "longitude": "-62.50000000",
    "native": null,
    "timezone": "America/Argentina/Buenos_Aires",
    "translations": {}
  },
  {
    "id": 834,
    "name": "Departamento de Banda",
    "state_id": 3635,
    "state_code": "G",
    "country_id": 11,
    "country_code": "AR",
    "latitude": "-27.50000000",
    "longitude": "-64.33333000",
    "native": null,
    "timezone": "America/Argentina/Buenos_Aires",
    "translations": {}
  },
  {
    "id": 861,
    "name": "Departamento de Choya",
    "state_id": 3635,
    "state_code": "G",
    "country_id": 11,
    "country_code": "AR",
    "latitude": "-28.75000000",
    "longitude": "-64.75000000",
    "native": null,
    "timezone": "America/Argentina/Buenos_Aires",
    "translations": {}
  },
  {
    "id": 904,
    "name": "Departamento de Guasayán",
    "state_id": 3635,
    "state_code": "G",
    "country_id": 11,
    "country_code": "AR",
    "latitude": "-28.00000000",
    "longitude": "-64.83333000",
    "native": null,
    "timezone": "America/Argentina/Buenos_Aires",
    "translations": {}
  },
  {
    "id": 930,
    "name": "Departamento de Loreto",
    "state_id": 3635,
    "state_code": "G",
    "country_id": 11,
    "country_code": "AR",
    "latitude": "-28.55000000",
    "longitude": "-64.33333000",
    "native": null,
    "timezone": "America/Argentina/Buenos_Aires",
    "translations": {}
  },
  {
    "id": 948,
    "name": "Departamento de Moreno",
    "state_id": 3635,
    "state_code": "G",
    "country_id": 11,
    "country_code": "AR",
    "latitude": "-27.33333000",
    "longitude": "-62.50000000",
    "native": null,
    "timezone": "America/Argentina/Buenos_Aires",
    "translations": {}
  },
  {
    "id": 975,
    "name": "Departamento de Río Hondo",
    "state_id": 3635,
    "state_code": "G",
    "country_id": 11,
    "country_code": "AR",
    "latitude": "-27.58333000",
    "longitude": "-64.75000000",
    "native": null,
    "timezone": "America/Argentina/Buenos_Aires",
    "translations": {}
  },
  {
    "id": 969,
    "name": "Departamento de Robles",
    "state_id": 3635,
    "state_code": "G",
    "country_id": 11,
    "country_code": "AR",
    "latitude": "-27.83333000",
    "longitude": "-63.91667000",
    "native": null,
    "timezone": "America/Argentina/Buenos_Aires",
    "translations": {}
  },
  {
    "id": 997,
    "name": "Departamento de San Martín",
    "state_id": 3635,
    "state_code": "G",
    "country_id": 11,
    "country_code": "AR",
    "latitude": "-28.16667000",
    "longitude": "-63.83333000",
    "native": null,
    "timezone": "America/Argentina/Buenos_Aires",
    "translations": {}
  },
  {
    "id": 1011,
    "name": "Departamento de Sarmiento",
    "state_id": 3635,
    "state_code": "G",
    "country_id": 11,
    "country_code": "AR",
    "latitude": "-28.08333000",
    "longitude": "-63.41667000",
    "native": null,
    "timezone": "America/Argentina/Buenos_Aires",
    "translations": {}
  },
  {
    "id": 1056,
    "name": "El Hoyo",
    "state_id": 3635,
    "state_code": "G",
    "country_id": 11,
    "country_code": "AR",
    "latitude": "-27.02872000",
    "longitude": "-63.23197000",
    "native": null,
    "timezone": "America/Argentina/Buenos_Aires",
    "translations": {}
  },
  {
    "id": 1176,
    "name": "La Banda",
    "state_id": 3635,
    "state_code": "G",
    "country_id": 11,
    "country_code": "AR",
    "latitude": "-27.73348000",
    "longitude": "-64.24278000",
    "native": null,
    "timezone": "America/Argentina/Buenos_Aires",
    "translations": {}
  },
  {
    "id": 1251,
    "name": "Los Juríes",
    "state_id": 3635,
    "state_code": "G",
    "country_id": 11,
    "country_code": "AR",
    "latitude": "-28.46539000",
    "longitude": "-62.10862000",
    "native": null,
    "timezone": "America/Argentina/Buenos_Aires",
    "translations": {}
  },
  {
    "id": 1255,
    "name": "Los Telares",
    "state_id": 3635,
    "state_code": "G",
    "country_id": 11,
    "country_code": "AR",
    "latitude": "-28.98479000",
    "longitude": "-63.44889000",
    "native": null,
    "timezone": "America/Argentina/Buenos_Aires",
    "translations": {}
  },
  {
    "id": 1315,
    "name": "Pampa de los Guanacos",
    "state_id": 3635,
    "state_code": "G",
    "country_id": 11,
    "country_code": "AR",
    "latitude": "-26.23002000",
    "longitude": "-61.83774000",
    "native": null,
    "timezone": "America/Argentina/Buenos_Aires",
    "translations": {}
  },
  {
    "id": 1369,
    "name": "Quimilí",
    "state_id": 3635,
    "state_code": "G",
    "country_id": 11,
    "country_code": "AR",
    "latitude": "-27.64615000",
    "longitude": "-62.41655000",
    "native": null,
    "timezone": "America/Argentina/Buenos_Aires",
    "translations": {}
  },
  {
    "id": 1445,
    "name": "San Pedro",
    "state_id": 3635,
    "state_code": "G",
    "country_id": 11,
    "country_code": "AR",
    "latitude": "-27.95386000",
    "longitude": "-65.16651000",
    "native": null,
    "timezone": "America/Argentina/Buenos_Aires",
    "translations": {}
  },
  {
    "id": 1473,
    "name": "Santiago del Estero",
    "state_id": 3635,
    "state_code": "G",
    "country_id": 11,
    "country_code": "AR",
    "latitude": "-27.79511000",
    "longitude": "-64.26149000",
    "native": null,
    "timezone": "America/Argentina/Buenos_Aires",
    "translations": {}
  },
  {
    "id": 1489,
    "name": "Sumampa",
    "state_id": 3635,
    "state_code": "G",
    "country_id": 11,
    "country_code": "AR",
    "latitude": "-29.38470000",
    "longitude": "-63.46907000",
    "native": null,
    "timezone": "America/Argentina/Buenos_Aires",
    "translations": {}
  },
  {
    "id": 1491,
    "name": "Suncho Corral",
    "state_id": 3635,
    "state_code": "G",
    "country_id": 11,
    "country_code": "AR",
    "latitude": "-27.93357000",
    "longitude": "-63.42938000",
    "native": null,
    "timezone": "America/Argentina/Buenos_Aires",
    "translations": {}
  },
  {
    "id": 1501,
    "name": "Termas de Río Hondo",
    "state_id": 3635,
    "state_code": "G",
    "country_id": 11,
    "country_code": "AR",
    "latitude": "-27.49362000",
    "longitude": "-64.85972000",
    "native": null,
    "timezone": "America/Argentina/Buenos_Aires",
    "translations": {}
  },
  {
    "id": 1506,
    "name": "Tintina",
    "state_id": 3635,
    "state_code": "G",
    "country_id": 11,
    "country_code": "AR",
    "latitude": "-27.02687000",
    "longitude": "-62.70643000",
    "native": null,
    "timezone": "America/Argentina/Buenos_Aires",
    "translations": {}
  },
  {
    "id": 1539,
    "name": "Villa Atamisqui",
    "state_id": 3635,
    "state_code": "G",
    "country_id": 11,
    "country_code": "AR",
    "latitude": "-28.49609000",
    "longitude": "-63.81609000",
    "native": null,
    "timezone": "America/Argentina/Buenos_Aires",
    "translations": {}
  },
  {
    "id": 1554,
    "name": "Villa General Mitre",
    "state_id": 3635,
    "state_code": "G",
    "country_id": 11,
    "country_code": "AR",
    "latitude": "-29.14310000",
    "longitude": "-62.65248000",
    "native": null,
    "timezone": "America/Argentina/Buenos_Aires",
    "translations": {}
  },
  {
    "id": 1569,
    "name": "Villa Ojo de Agua",
    "state_id": 3635,
    "state_code": "G",
    "country_id": 11,
    "country_code": "AR",
    "latitude": "-29.50003000",
    "longitude": "-63.69377000",
    "native": null,
    "timezone": "America/Argentina/Buenos_Aires",
    "translations": {}
  }
]