[
  {
    "id": 642,
    "name": "Aguilares",
    "state_id": 3637,
    "state_code": "T",
    "country_id": 11,
    "country_code": "AR",
    "latitude": "-27.43380000",
    "longitude": "-65.61427000",
    "native": null,
    "timezone": "America/Argentina/Buenos_Aires",
    "translations": {}
  },
  {
    "id": 646,
    "name": "Alderetes",
    "state_id": 3637,
    "state_code": "T",
    "country_id": 11,
    "country_code": "AR",
    "latitude": "-26.81667000",
    "longitude": "-65.13333000",
    "native": null,
    "timezone": "America/Argentina/Buenos_Aires",
    "translations": {}
  },
  {
    "id": 690,
    "name": "Bella Vista",
    "state_id": 3637,
    "state_code": "T",
    "country_id": 11,
    "country_code": "AR",
    "latitude": "-27.03424000",
    "longitude": "-65.30196000",
    "native": null,
    "timezone": "America/Argentina/Buenos_Aires",
    "translations": {}
  },
  {
    "id": 705,
    "name": "Burruyacú",
    "state_id": 3637,
    "state_code": "T",
    "country_id": 11,
    "country_code": "AR",
    "latitude": "-26.49918000",
    "longitude": "-64.74206000",
    "native": null,
    "timezone": "America/Argentina/Buenos_Aires",
    "translations": {}
  },
  {
    "id": 840,
    "name": "Departamento de Burruyacú",
    "state_id": 3637,
    "state_code": "T",
    "country_id": 11,
    "country_code": "AR",
    "latitude": "-26.50000000",
    "longitude": "-64.91667000",
    "native": null,
    "timezone": "America/Argentina/Buenos_Aires",
    "translations": {}
  },
  {
    "id": 852,
    "name": "Departamento de Capital",
    "state_id": 3637,
    "state_code": "T",
    "country_id": 11,
    "country_code": "AR",
    "latitude": "-26.82825000",
    "longitude": "-65.21126000",
    "native": null,
    "timezone": "America/Argentina/Buenos_Aires",
    "translations": {}
  },
  {
    "id": 870,
    "name": "Departamento de Cruz Alta",
    "state_id": 3637,
    "state_code": "T",
    "country_id": 11,
    "country_code": "AR",
    "latitude": "-26.91667000",
    "longitude": "-64.91667000",
    "native": null,
    "timezone": "America/Argentina/Buenos_Aires",
    "translations": {}
  },
  {
    "id": 882,
    "name": "Departamento de Famaillá",
    "state_id": 3637,
    "state_code": "T",
    "country_id": 11,
    "country_code": "AR",
    "latitude": "-26.91667000",
    "longitude": "-65.50000000",
    "native": null,
    "timezone": "America/Argentina/Buenos_Aires",
    "translations": {}
  },
  {
    "id": 900,
    "name": "Departamento de Graneros",
    "state_id": 3637,
    "state_code": "T",
    "country_id": 11,
    "country_code": "AR",
    "latitude": "-27.75000000",
    "longitude": "-65.33333000",
    "native": null,
    "timezone": "America/Argentina/Buenos_Aires",
    "translations": {}
  },
  {
    "id": 917,
    "name": "Departamento de La Cocha",
    "state_id": 3637,
    "state_code": "T",
    "country_id": 11,
    "country_code": "AR",
    "latitude": "-27.77784000",
    "longitude": "-65.57109000",
    "native": null,
    "timezone": "America/Argentina/Buenos_Aires",
    "translations": {}
  },
  {
    "id": 933,
    "name": "Departamento de Lules",
    "state_id": 3637,
    "state_code": "T",
    "country_id": 11,
    "country_code": "AR",
    "latitude": "-26.92886000",
    "longitude": "-65.33848000",
    "native": null,
    "timezone": "America/Argentina/Buenos_Aires",
    "translations": {}
  },
  {
    "id": 947,
    "name": "Departamento de Monteros",
    "state_id": 3637,
    "state_code": "T",
    "country_id": 11,
    "country_code": "AR",
    "latitude": "-27.16667000",
    "longitude": "-65.58333000",
    "native": null,
    "timezone": "America/Argentina/Buenos_Aires",
    "translations": {}
  },
  {
    "id": 973,
    "name": "Departamento de Río Chico",
    "state_id": 3637,
    "state_code": "T",
    "country_id": 11,
    "country_code": "AR",
    "latitude": "-27.43368000",
    "longitude": "-65.76671000",
    "native": null,
    "timezone": "America/Argentina/Buenos_Aires",
    "translations": {}
  },
  {
    "id": 1015,
    "name": "Departamento de Simoca",
    "state_id": 3637,
    "state_code": "T",
    "country_id": 11,
    "country_code": "AR",
    "latitude": "-27.26360000",
    "longitude": "-65.35612000",
    "native": null,
    "timezone": "America/Argentina/Buenos_Aires",
    "translations": {}
  },
  {
    "id": 1023,
    "name": "Departamento de Trancas",
    "state_id": 3637,
    "state_code": "T",
    "country_id": 11,
    "country_code": "AR",
    "latitude": "-26.41667000",
    "longitude": "-65.50000000",
    "native": null,
    "timezone": "America/Argentina/Buenos_Aires",
    "translations": {}
  },
  {
    "id": 1034,
    "name": "Departamento de Yerba Buena",
    "state_id": 3637,
    "state_code": "T",
    "country_id": 11,
    "country_code": "AR",
    "latitude": "-26.81826000",
    "longitude": "-65.31733000",
    "native": null,
    "timezone": "America/Argentina/Buenos_Aires",
    "translations": {}
  },
  {
    "id": 1074,
    "name": "Famaillá",
    "state_id": 3637,
    "state_code": "T",
    "country_id": 11,
    "country_code": "AR",
    "latitude": "-27.05413000",
    "longitude": "-65.40329000",
    "native": null,
    "timezone": "America/Argentina/Buenos_Aires",
    "translations": {}
  },
  {
    "id": 1125,
    "name": "Graneros",
    "state_id": 3637,
    "state_code": "T",
    "country_id": 11,
    "country_code": "AR",
    "latitude": "-27.64934000",
    "longitude": "-65.43830000",
    "native": null,
    "timezone": "America/Argentina/Buenos_Aires",
    "translations": {}
  },
  {
    "id": 1182,
    "name": "La Cocha",
    "state_id": 3637,
    "state_code": "T",
    "country_id": 11,
    "country_code": "AR",
    "latitude": "-27.76927000",
    "longitude": "-65.58711000",
    "native": null,
    "timezone": "America/Argentina/Buenos_Aires",
    "translations": {}
  },
  {
    "id": 1291,
    "name": "Monteros",
    "state_id": 3637,
    "state_code": "T",
    "country_id": 11,
    "country_code": "AR",
    "latitude": "-27.16741000",
    "longitude": "-65.49832000",
    "native": null,
    "timezone": "America/Argentina/Buenos_Aires",
    "translations": {}
  },
  {
    "id": 1444,
    "name": "San Miguel de Tucumán",
    "state_id": 3637,
    "state_code": "T",
    "country_id": 11,
    "country_code": "AR",
    "latitude": "-26.82414000",
    "longitude": "-65.22260000",
    "native": null,
    "timezone": "America/Argentina/Buenos_Aires",
    "translations": {}
  },
  {
    "id": 1488,
    "name": "Simoca",
    "state_id": 3637,
    "state_code": "T",
    "country_id": 11,
    "country_code": "AR",
    "latitude": "-27.26272000",
    "longitude": "-65.35647000",
    "native": null,
    "timezone": "America/Argentina/Buenos_Aires",
    "translations": {}
  },
  {
    "id": 1496,
    "name": "Tafí del Valle",
    "state_id": 3637,
    "state_code": "T",
    "country_id": 11,
    "country_code": "AR",
    "latitude": "-26.85275000",
    "longitude": "-65.70983000",
    "native": null,
    "timezone": "America/Argentina/Buenos_Aires",
    "translations": {}
  },
  {
    "id": 1495,
    "name": "Tafí Viejo",
    "state_id": 3637,
    "state_code": "T",
    "country_id": 11,
    "country_code": "AR",
    "latitude": "-26.73201000",
    "longitude": "-65.25921000",
    "native": null,
    "timezone": "America/Argentina/Buenos_Aires",
    "translations": {}
  },
  {
    "id": 1511,
    "name": "Trancas",
    "state_id": 3637,
    "state_code": "T",
    "country_id": 11,
    "country_code": "AR",
    "latitude": "-26.23136000",
    "longitude": "-65.28093000",
    "native": null,
    "timezone": "America/Argentina/Buenos_Aires",
    "translations": {}
  },
  {
    "id": 1596,
    "name": "Yerba Buena",
    "state_id": 3637,
    "state_code": "T",
    "country_id": 11,
    "country_code": "AR",
    "latitude": "-26.81667000",
    "longitude": "-65.31667000",
    "native": null,
    "timezone": "America/Argentina/Buenos_Aires",
    "translations": {}
  }
]