["Abitibi-Témiscamingue","Acton Vale","Adstock","Albanel","Alma","Amos","Amqui","Ange-Gardien","Asbestos","Baie-Comeau","Baie-D'Urfé","Baie-Saint-Paul","Barraute","Bas-Saint-Laurent","Beaconsfield","Beauceville","Beauharnois","Beaupré","Bécancour","Bedford","Beloeil","Berthierville","Blainville","Bois-des-Filion","Boisbriand","Bonaventure","Boucherville","Breakeyville","Bromont","Brossard","Brownsburg-Chatham","Buckingham","Cabano","Cacouna","Candiac","Cantley","Cap-Chat","Cap-Santé","Capitale-Nationale","Carignan","Carleton","Carleton-sur-Mer","Centre-du-Québec","Chambly","Chambord","Chandler","Chapais","Charlemagne","Château-Richer","Châteauguay","Chaudière-Appalaches","Chertsey","Chibougamau","Chute-aux-Outardes","Coaticook","Contrecoeur","Cookshire","Cookshire-Eaton","Côte-Nord","Côte-Saint-Luc","Coteau-du-Lac","Cowansville","Crabtree","Danville","Daveluyville","Delson","Deux-Montagnes","Disraeli","Dolbeau-Mistassini","Dollard-Des Ormeaux","Donnacona","Dorval","Drummondville","Dunham","East Angus","East Broughton","Farnham","Ferme-Neuve","Fermont","Forestville","Fort-Coulonge","Fossambault-sur-le-Lac","Franklin","Gaspé","Gaspésie-Îles-de-la-Madeleine","Gatineau","Godefroy","Granby","Hampstead","Hauterive","Havre-Saint-Pierre","Hérouxville","Hudson","Huntingdon","Joliette","Jonquière","Kingsey Falls","Kirkland","L'Ancienne-Lorette","L'Ange-Gardien","L'Ascension-de-Notre-Seigneur","L'Assomption","L'Épiphanie","L'Île-Perrot","La Conception","La Haute-Saint-Charles","La Malbaie","La Minerve","La Pocatière","La Prairie","La Sarre","La Tuque","Labelle","Lac-Alouette","Lac-Brome","Lac-Connelly","Lac-Lapierre","Lac-Mégantic","Lac-Simon","Lachute","Lacolle","Lanoraie","Laval","Lavaltrie","Le Bic","le Plateau","Lebel-sur-Quévillon","Leblanc","Les Cèdres","Les Coteaux","Les Escoumins","Lévis","Linière","Longueuil","Lorraine","Louiseville","Luceville","Macamic","Magog","Malartic","Maliotenam","Manawan","Mandeville","Maniwaki","Maria","Marieville","Mascouche","Maskinongé","Matagami","Matane","Mauricie","Melocheville","Mercier","Métabetchouan","Metabetchouan-Lac-a-la-Croix","Mirabel","Mistissini","Mont-Joli","Mont-Laurier","Mont-Royal","Mont-Saint-Grégoire","Mont-Saint-Hilaire","Mont-Tremblant","Montmagny","Montréal","Montréal-Est","Montréal-Ouest","Morin-Heights","Napierville","Neuville","New Carlisle","New-Richmond","Nicolet","Nord-du-Québec","Normandin","Notre-Dame-de-Grâce","Notre-Dame-de-l'Île-Perrot","Notre-Dame-des-Prairies","Notre-Dame-du-Lac","Notre-Dame-du-Mont-Carmel","Oka","Ormstown","Otterburn Park","Outaouais","Papineauville","Parc-Boutin","Piedmont","Pierreville","Pincourt","Plessisville","Pohénégamook","Pointe-Calumet","Pointe-Claire","Pointe-du-Lac","Pont Rouge","Port-Cartier","Portneuf","Prévost","Princeville","Québec","Rawdon","Repentigny","Richelieu","Richmond","Rigaud","Rimouski","Rivière-du-Loup","Rivière-Rouge","Roberval","Rock Forest","Rosemère","Rougemont","Rouyn-Noranda","Sacré-Coeur","Saguenay","Saint-Adolphe-d'Howard","Saint-Alexandre","Saint-Amable","Saint-Ambroise","Saint-André-Avellin","Saint-Anselme","Saint-Antoine-de-Tilly","Saint-Augustin","Saint-Augustin-de-Desmaures","Saint-Barnabé-Sud","Saint-Basile-le-Grand","Saint-Boniface","Saint-Bruno","Saint-Bruno-de-Guigues","Saint-Bruno-de-Montarville","Saint-Canut","Saint-Césaire","Saint-Charles","Saint-Côme-Linière","Saint-Constant","Saint-Cyrille-de-Wendover","Saint-Damase","Saint-Denis-sur-Richelieu","Saint-Donat-de-Montcalm","Saint-Édouard","Saint-Elzéar","Saint-Éphrem-de-Beauce","Saint-Eustache","Saint-Félicien","Saint-Félix-de-Valois","Saint-Gabriel","Saint-Gédéon","Saint-Georges","Saint-Germain-de-Grantham","Saint-Henri","Saint-Hippolyte","Saint-Honoré","Saint-Hyacinthe","Saint-Isidore","Saint-Jacques-le-Mineur","Saint-Jean-Baptiste","Saint-Jean-sur-Richelieu","Saint-Jérôme","Saint-Joseph","Saint-Joseph-de-Beauce","Saint-Joseph-de-Coleraine","Saint-Joseph-du-Lac","Saint-Lambert-de-Lauzon","Saint-Laurent","Saint-Lazare","Saint-Léonard","Saint-Léonard-d'Aston","Saint-Liboire","Saint-Lin-Laurentides","Saint-Marc-des-Carrières","Saint-Mathieu","Saint-Michel","Saint-Michel-des-Saints","Saint-Nazaire","Saint-Norbert","Saint-Pacôme","Saint-Pascal","Saint-Philippe-de-La Prairie","Saint-Pie","Saint-Pierre-les-Becquets","Saint-Prime","Saint-Raphaël","Saint-Raymond","Saint-Rémi","Saint-Rémi-de-Tingwick","Saint-Sauveur","Saint-Sauveur-des-Monts","Saint-Siméon","Saint-Thomas","Saint-Tite","Saint-Victor","Saint-Zotique","Sainte Catherine de la Jacques Cartier","Sainte-Adèle","Sainte-Agathe-des-Monts","Sainte-Anne-de-Bellevue","Sainte-Anne-des-Monts","Sainte-Anne-des-Plaines","Sainte-Béatrix","Sainte-Catherine","Sainte-Croix","Sainte-Élisabeth","Sainte-Julie","Sainte-Julienne","Sainte-Madeleine","Sainte-Marie","Sainte-Marthe-sur-le-Lac","Sainte-Martine","Sainte-Sophie","Sainte-Thècle","Sainte-Thérèse","Salaberry-de-Valleyfield","Salluit","Senneterre","Sept-Îles","Shannon","Shawinigan","Shawville","Sherbrooke","Sorel-Tracy","St-Jean-Port-Joli","Sutton","Témiscaming","Terrasse-des-Pins","Terrebonne","Thetford-Mines","Thurso","Trois-Rivières","Val-d'Or","Val-David","Val-des-Monts","Val-Morin","Valcourt","Vallée-Jonction","Varennes","Vaudreuil-Dorion","Venise-en-Québec","Verchères","Victoriaville","Ville-Marie","Wakefield","Warwick","Waskaganish","Waswanipi","Waterloo","Weedon Centre","Westmount","Weymontachie","Windsor","Yamachiche"]