["Ajax","Algoma","Alliston","Amherstburg","Amigo Beach","Ancaster","Angus","Arnprior","Atikokan","Attawapiskat","Aurora","Aylmer","Azilda","Ballantrae","Bancroft","Barrie","Bath","Belleville","Bells Corners","Belmont","Binbrook","Bluewater","Bourget","Bracebridge","Brampton","Brant","Brantford","Brockville","Brussels","Burford","Burlington","Cambridge","Camlachie","Capreol","Carleton Place","Casselman","Chatham","Chatham-Kent","Clarence-Rockland","Cobourg","Cochrane District","Collingwood","Concord","Constance Bay","Cookstown","Cornwall","Corunna","Deep River","Delaware","Deseronto","Dorchester","Dowling","Dryden","Durham","Ear Falls","East Gwillimbury","East York","Elliot Lake","Elmvale","Englehart","Espanola","Essex","Etobicoke","Exeter","Fort Erie","Fort Frances","Gananoque","Glencoe","Goderich","Golden","Gravenhurst","Greater Napanee","Greater Sudbury","Greenstone","Guelph","Haldimand County","Haliburton Village","Halton","Hamilton","Hanover","Harriston","Hawkesbury","Hearst","Hornepayne","Huntsville","Huron East","Ingersoll","Innisfil","Iroquois Falls","Jarvis","Kanata","Kapuskasing","Kawartha Lakes","Kenora","Keswick","Kincardine","King","Kingston","Kirkland Lake","Kitchener","L'Orignal","Lakefield","Lambton Shores","Lappe","Leamington","Limoges","Lindsay","Listowel","Little Current","Lively","London","Lucan","Madoc","Manitoulin District","Manitouwadge","Marathon","Markdale","Markham","Mattawa","Meaford","Metcalfe","Midland","Mildmay","Millbrook","Milton","Mississauga","Mississauga Beach","Moose Factory","Moosonee","Morrisburg","Mount Albert","Mount Brydges","Napanee Downtown","Neebing","Nepean","New Hamburg","Newmarket","Niagara Falls","Nipissing District","Norfolk County","North Bay","North Perth","North York","Norwood","Oakville","Omemee","Orangeville","Orillia","Osgoode","Oshawa","Ottawa","Owen Sound","Paisley","Paris","Parkhill","Parry Sound","Parry Sound District","Peel","Pembroke","Perth","Petawawa","Peterborough","Petrolia","Pickering","Picton","Plantagenet","Plattsville","Port Colborne","Port Hope","Port Rowan","Port Stanley","Powassan","Prescott","Prince Edward","Queenswood Heights","Quinte West","Rainy River District","Rayside-Balfour","Red Lake","Regional Municipality of Waterloo","Renfrew","Richmond","Richmond Hill","Ridgetown","Rockwood","Russell","Sarnia","Sault Ste. Marie","Scarborough","Seaforth","Shelburne","Simcoe","Sioux Lookout","Skatepark","Smiths Falls","South Huron","South River","St. Catharines","St. George","St. Thomas","Stirling","Stoney Point","Stratford","Sudbury","Tavistock","Temiskaming Shores","Thessalon","Thornhill","Thorold","Thunder Bay","Thunder Bay District","Timiskaming District","Timmins","Tobermory","Toronto","Toronto county","Tottenham","Tweed","Uxbridge","Valley East","Vanier","Vaughan","Vineland","Virgil","Walpole Island","Wasaga Beach","Waterford","Waterloo","Watford","Wawa","Welland","Wellesley","Wendover","West Lorne","Willowdale","Winchester","Windsor","Wingham","Woodstock","York"]