["Abingdon","Accomac","Accomack County","Adwolf","Albemarle County","Alexandria","Alleghany County","Altavista","Amelia County","Amelia Court House","Amherst","Amherst County","Annandale","Appalachia","Apple Mountain Lake","Appomattox","Appomattox County","Aquia Harbour","Arlington","Arlington County","Ashburn","Ashland","Atkins","Augusta County","Baileys Crossroads","Bassett","Basye","Bath County","Bealeton","Bedford","Bedford County","Belle Haven","Bellwood","Belmont","Belmont Estates","Bensley","Berryville","Big Stone Gap","Blacksburg","Blackstone","Bland","Bland County","Blue Ridge","Bluefield","Bon Air","Boswell's Corner","Botetourt County","Bowling Green","Boydton","Bracey","Brambleton","Brandermill","Bridgewater","Brightwood","Bristol","Broadlands","Broadway","Brookneal","Brunswick County","Buchanan","Buchanan County","Buckhall","Buckingham","Buckingham County","Buena Vista","Bull Run","Bull Run Mountain Estates","Burke","Campbell County","Cana","Cape Charles","Captains Cove","Caroline County","Carroll County","Carrollton","Castlewood","Cave Spring","Cedar Bluff","Central Garage","Centreville","Chamberlayne","Chantilly","Charles City","Charles City County","Charlotte County","Charlotte Court House","Charlottesville","Chase City","Chatham","Chatmoss","Cherry Hill","Chesapeake","Chester","Chesterfield County","Chesterfield Court House","Chilhowie","Chincoteague","Christiansburg","City of Alexandria","City of Charlottesville","City of Chesapeake","City of Colonial Heights","City of Danville","City of Emporia","City of Fairfax","City of Falls Church","City of Fredericksburg","City of Hampton","City of Hopewell","City of Lexington","City of Manassas","City of Newport News","City of Norfolk","City of Portsmouth","City of Richmond","City of Roanoke","City of Salem","City of Staunton","City of Suffolk","City of Virginia Beach","City of Williamsburg","Clarke County","Clarksville","Claypool Hill","Clifton Forge","Clintwood","Cloverdale","Coeburn","Collinsville","Colonial Beach","Colonial Heights","Concord","Countryside","Courtland","Covington","Craig County","Crewe","Crimora","Crozet","Culpeper","Culpeper County","Cumberland","Cumberland County","Dahlgren","Dale City","Daleville","Danville","Dayton","Deltaville","Dickenson County","Dinwiddie County","Dooms","Dranesville","Dryden","Dublin","Dulles Town Center","Dumbarton","Dumfries","Dunn Loring","East Hampton","East Highland Park","East Lexington","Eastville","Edinburg","Elkton","Emory","Emporia","Enon","Essex County","Ettrick","Exmore","Fairfax","Fairfax County","Fairfax Station","Fairlawn","Falls Church","Falmouth","Farmville","Fauquier County","Ferrum","Fincastle","Fishersville","Floris","Floyd","Floyd County","Fluvanna County","Forest","Fort Belvoir","Fort Hunt","Fort Lee","Franconia","Franklin","Franklin County","Frederick County","Fredericksburg","Front Royal","Gainesville","Galax","Gate City","Giles County","Glade Spring","Glasgow","Glen Allen","Gloucester County","Gloucester Courthouse","Gloucester Point","Goochland","Goochland County","Gordonsville","Grayson County","Great Falls","Greenbriar","Greene County","Greensville County","Gretna","Grottoes","Groveton","Grundy","Halifax","Halifax County","Hampden Sydney","Hampton","Hanover","Hanover County","Harrisonburg","Hayfield","Haymarket","Heathsville","Henrico County","Henry County","Henry Fork","Herndon","Highland County","Highland Springs","Hillsville","Hollins","Hollymead","Honaker","Hopewell","Horse Pasture","Huntington","Hurt","Hybla Valley","Idylwood","Independence","Independent Hill","Isle of Wight County","James City County","Jefferson","Jolivue","Jonesville","Kenbridge","Kilmarnock","King and Queen County","King and Queen Court House","King George","King George County","King William","King William County","Kings Park","Kings Park West","Lake Barcroft","Lake Monticello","Lake Ridge","Lakeside","Lancaster County","Laurel","Laurel Hill","Lawrenceville","Laymantown","Lebanon","Lee County","Leesburg","Lexington","Lincolnia","Linton Hall","Loch Lomond","Lorton","Loudoun County","Loudoun Valley Estates","Louisa","Louisa County","Lovettsville","Lovingston","Lowes Island","Lunenburg","Lunenburg County","Luray","Lynchburg","Lyndhurst","Madison","Madison County","Madison Heights","Manassas","Manassas Park","Mantua","Marion","Marshall","Martinsville","Massanetta Springs","Massanutten","Mathews","Mathews County","Matoaca","McLean","Meadowbrook","Mechanicsville","Mecklenburg County","Merrifield","Merrimac","Middlesex County","Middletown","Montclair","Monterey","Montgomery County","Montrose","Montross","Motley","Mount Hermon","Mount Jackson","Mount Vernon","Mountain Road","Narrows","Nellysford","Nelson County","New Baltimore","New Castle","New Kent","New Kent County","New Market","Newington","Newport News","Nokesville","Norfolk","North Shore","North Springfield","Northampton County","Northumberland County","Norton","Nottoway County","Oak Grove","Oak Hill","Oakton","Occoquan","Onancock","Orange","Orange County","Page County","Palmyra","Pannill Fork","Pantops","Passapatanzy","Patrick County","Patrick Springs","Pearisburg","Pembroke","Pennington Gap","Petersburg","Pimmit Hills","Pittsylvania County","Plum Creek","Poquoson","Portsmouth","Portsmouth Heights","Potomac Mills","Powhatan County","Prices Fork","Prince Edward County","Prince George","Prince George County","Prince William County","Pulaski","Pulaski County","Purcellville","Quantico Station","Radford","Rappahannock County","Raven","Ravensworth","Reston","Richlands","Richmond","Richmond County","Roanoke","Roanoke County","Rockbridge County","Rockingham County","Rocky Mount","Rose Hill","Rosslyn","Ruckersville","Rural Retreat","Rushmere","Russell County","Rustburg","Salem","Saltville","Saluda","Sandston","Scott County","Seven Corners","Shawnee Land","Shawsville","Shenandoah","Shenandoah County","Shenandoah Farms","Short Pump","Smithfield","Smyth County","South Boston","South Hill","South Riding","South Suffolk","Southampton County","Southern Gateway","Spotsylvania County","Spotsylvania Courthouse","Springfield","Springville","Stafford","Stafford County","Stanardsville","Stanley","Stanleytown","Staunton","Stephens City","Sterling","Strasburg","Stuart","Stuarts Draft","Sudley","Suffolk","Sugarland Run","Surry","Surry County","Sussex","Sussex County","Tappahannock","Tazewell","Tazewell County","Timberlake","Timberville","Triangle","Tuckahoe","Twin Lakes","Tysons Corner","Union Hall","University Center","Verona","Victoria","Vienna","Vinton","Virginia Beach","Warm Springs","Warren County","Warrenton","Warsaw","Washington","Washington County","Wattsville","Waverly","Waynesboro","Weber City","West Falls Church","West Gate","West Lynchburg","West Point","West Springfield","Westmoreland County","Weyers Cave","Williamsburg","Winchester","Windsor","Wise","Wise County","Wolf Trap","Woodbridge","Woodburn","Woodlake","Woodlawn","Woodstock","Wyndham","Wythe County","Wytheville","York County","Yorkshire","Yorktown"]