["Adjuntas","Aguada","Aguadilla","Aguas Buenas","Aguas Claras","Aguilita","Aibonito","Añasco","Animas","Antón Ruiz","Arecibo","Arroyo","Bairoa","Bajadero","Bajandas","Barahona","Barceloneta","Barranquitas","Bartolo","Bayamon","Benitez","Betances","Boqueron","Boquerón Cabo Rojo","Brenas","Buena Vista","Bufalo","Caban","Cabo Rojo","Cabo Rojo Municipio","Cacao","Caguas","Campanilla","Campo Rico","Camuy","Candelaria","Candelaria Arenas","Candelero Arriba","Canóvanas","Capitanejo","Carolina","Carrizales","Cataño","Cayey","Cayuco","Ceiba","Ceiba Municipio","Celada","Central Aguirre","Ciales","Ciales Municipio","Cidra","Coamo","Coco","Comerío","Comerío Municipio","Comunas","Coquí","Corazón","Corcovado","Corozal","Corozal Municipio","Coto Laurel","Coto Norte","Culebra","Culebra barrio-pueblo","Daguao","Dorado","Dorado Municipio","El Mangó","El Negro","El Ojo","Emajagua","Esperanza","Espino","Estancias de Florida","Fajardo","Fajardo Municipio","Florida","Franquez","Fuig","G. L. Garcia","Galateo","Garrochales","Guánica","Guánica Municipio","Guayabal","Guayama","Guayama Municipio","Guayanilla","Guaynabo","Gurabo","Gurabo Municipio","H. Rivera Colon","Hatillo","Hatillo Municipio","Hato Arriba","Hato Candal","Hormigueros","Hormigueros Municipio","Humacao","Imbery","Indios","Ingenio","Isabel Segunda","Isabela","Jagual","Jauca","Jayuya","Jobos","Juana Díaz","Juana Díaz Municipio","Juncal","Juncos","La Alianza","La Dolores","La Fermina","La Luisa","La Parguera","La Playa","La Plena","Lajas","Lajas Municipio","Lamboglia","Lares","Las Marias","Las Marías Municipio","Las Ochenta","Las Ollas","Las Piedras","Las Piedras Municipio","Levittown","Liborio Negron Torres","Lluveras","Loíza","Lomas","Los Llanos","Luis Lloréns Torres","Luis M. Cintron","Luquillo","Luquillo Municipio","Luyando","Magas Arriba","Manatí","Maria Antonia","Mariano Colón","Maricao","Maricao Municipio","Martorell","Marueño","Maunabo","Maunabo Municipio","Mayagüez","Miranda","Moca","Moca Municipio","Monserrate","Monte Grande","Mora","Morovis","Mucarabones","Naguabo","Naguabo Municipio","Naranjito","Naranjito Municipio","Olimpo","Orocovis","Orocovis Municipio","Pájaros","Pajonal","Palmarejo","Palmas","Palmer","Palo Seco","Palomas","Parcelas La Milagrosa","Parcelas Nuevas","Parcelas Peñuelas","Pastos","Patillas","Patillas Municipio","Peña Pobre","Peñuelas","Piedra Gorda","Playa Fortuna","Playita","Playita Cortada","Pole Ojea","Ponce","Potala Pastillo","Pueblito del Rio","Puerto Real","Punta Santiago","Quebrada","Quebradillas","Quebradillas Municipio","Rafael Capo","Rafael Gonzalez","Rafael Hernandez","Ramos","Rincón","Rincón Municipio","Río Blanco","Río Cañas Abajo","Río Grande","Río Grande Municipio","Rio Lajas","Río Piedras","Rosa Sanchez","Sabana","Sabana Eneas","Sabana Grande","Sabana Grande Municipio","Sabana Hoyos","Sabana Seca","Salinas","San Antonio","San Germán Municipio","San Isidro","San José","San Juan","San Lorenzo","San Sebastián","Santa Barbara","Santa Clara","Santa Isabel","Santa Isabel Municipio","Santo Domingo","Santurce","Stella","Suárez","Sumidero","Tallaboa","Tallaboa Alta","Tiburones","Tierras Nuevas Poniente","Toa Alta","Toa Alta Municipio","Toa Baja","Trujillo Alto","Trujillo Alto Municipio","Utuado","Utuado barrio-pueblo","Vázquez","Vega Alta","Vega Alta Municipio","Vega Baja","Vieques","Vieques Municipality","Villalba","Villalba Municipio","Yabucoa","Yabucoa Municipio","Yauco","Yaurel"]