[
  {
    "id": 677,
    "name": "Aviá Terai",
    "state_id": 3640,
    "state_code": "H",
    "country_id": 11,
    "country_code": "AR",
    "latitude": "-26.68532000",
    "longitude": "-60.72920000",
    "native": null,
    "timezone": "America/Argentina/Buenos_Aires",
    "translations": {}
  },
  {
    "id": 685,
    "name": "Barranqueras",
    "state_id": 3640,
    "state_code": "H",
    "country_id": 11,
    "country_code": "AR",
    "latitude": "-27.48132000",
    "longitude": "-58.93925000",
    "native": null,
    "timezone": "America/Argentina/Buenos_Aires",
    "translations": {}
  },
  {
    "id": 686,
    "name": "Basail",
    "state_id": 3640,
    "state_code": "H",
    "country_id": 11,
    "country_code": "AR",
    "latitude": "-27.88539000",
    "longitude": "-59.28245000",
    "native": null,
    "timezone": "America/Argentina/Buenos_Aires",
    "translations": {}
  },
  {
    "id": 719,
    "name": "Campo Largo",
    "state_id": 3640,
    "state_code": "H",
    "country_id": 11,
    "country_code": "AR",
    "latitude": "-26.80077000",
    "longitude": "-60.84215000",
    "native": null,
    "timezone": "America/Argentina/Buenos_Aires",
    "translations": {}
  },
  {
    "id": 730,
    "name": "Capitán Solari",
    "state_id": 3640,
    "state_code": "H",
    "country_id": 11,
    "country_code": "AR",
    "latitude": "-26.80215000",
    "longitude": "-59.56089000",
    "native": null,
    "timezone": "America/Argentina/Buenos_Aires",
    "translations": {}
  },
  {
    "id": 737,
    "name": "Castelli",
    "state_id": 3640,
    "state_code": "H",
    "country_id": 11,
    "country_code": "AR",
    "latitude": "-25.94679000",
    "longitude": "-60.61947000",
    "native": null,
    "timezone": "America/Argentina/Buenos_Aires",
    "translations": {}
  },
  {
    "id": 753,
    "name": "Charadai",
    "state_id": 3640,
    "state_code": "H",
    "country_id": 11,
    "country_code": "AR",
    "latitude": "-27.65503000",
    "longitude": "-59.86291000",
    "native": null,
    "timezone": "America/Argentina/Buenos_Aires",
    "translations": {}
  },
  {
    "id": 754,
    "name": "Charata",
    "state_id": 3640,
    "state_code": "H",
    "country_id": 11,
    "country_code": "AR",
    "latitude": "-27.21438000",
    "longitude": "-61.18795000",
    "native": null,
    "timezone": "America/Argentina/Buenos_Aires",
    "translations": {}
  },
  {
    "id": 765,
    "name": "Chorotis",
    "state_id": 3640,
    "state_code": "H",
    "country_id": 11,
    "country_code": "AR",
    "latitude": "-27.91578000",
    "longitude": "-61.39982000",
    "native": null,
    "timezone": "America/Argentina/Buenos_Aires",
    "translations": {}
  },
  {
    "id": 767,
    "name": "Ciervo Petiso",
    "state_id": 3640,
    "state_code": "H",
    "country_id": 11,
    "country_code": "AR",
    "latitude": "-26.58041000",
    "longitude": "-59.63094000",
    "native": null,
    "timezone": "America/Argentina/Buenos_Aires",
    "translations": {}
  },
  {
    "id": 776,
    "name": "Colonia Benítez",
    "state_id": 3640,
    "state_code": "H",
    "country_id": 11,
    "country_code": "AR",
    "latitude": "-27.33099000",
    "longitude": "-58.94622000",
    "native": null,
    "timezone": "America/Argentina/Buenos_Aires",
    "translations": {}
  },
  {
    "id": 778,
    "name": "Colonia Elisa",
    "state_id": 3640,
    "state_code": "H",
    "country_id": 11,
    "country_code": "AR",
    "latitude": "-26.93041000",
    "longitude": "-59.51861000",
    "native": null,
    "timezone": "America/Argentina/Buenos_Aires",
    "translations": {}
  },
  {
    "id": 782,
    "name": "Colonias Unidas",
    "state_id": 3640,
    "state_code": "H",
    "country_id": 11,
    "country_code": "AR",
    "latitude": "-26.69825000",
    "longitude": "-59.63154000",
    "native": null,
    "timezone": "America/Argentina/Buenos_Aires",
    "translations": {}
  },
  {
    "id": 791,
    "name": "Concepción del Bermejo",
    "state_id": 3640,
    "state_code": "H",
    "country_id": 11,
    "country_code": "AR",
    "latitude": "-26.59926000",
    "longitude": "-60.94617000",
    "native": null,
    "timezone": "America/Argentina/Buenos_Aires",
    "translations": {}
  },
  {
    "id": 799,
    "name": "Coronel Du Graty",
    "state_id": 3640,
    "state_code": "H",
    "country_id": 11,
    "country_code": "AR",
    "latitude": "-27.68038000",
    "longitude": "-60.91462000",
    "native": null,
    "timezone": "America/Argentina/Buenos_Aires",
    "translations": {}
  },
  {
    "id": 804,
    "name": "Corzuela",
    "state_id": 3640,
    "state_code": "H",
    "country_id": 11,
    "country_code": "AR",
    "latitude": "-26.95374000",
    "longitude": "-60.96928000",
    "native": null,
    "timezone": "America/Argentina/Buenos_Aires",
    "translations": {}
  },
  {
    "id": 807,
    "name": "Coté-Lai",
    "state_id": 3640,
    "state_code": "H",
    "country_id": 11,
    "country_code": "AR",
    "latitude": "-27.50000000",
    "longitude": "-59.60000000",
    "native": null,
    "timezone": "America/Argentina/Buenos_Aires",
    "translations": {}
  },
  {
    "id": 822,
    "name": "Departamento de Almirante Brown",
    "state_id": 3640,
    "state_code": "H",
    "country_id": 11,
    "country_code": "AR",
    "latitude": "-25.81662000",
    "longitude": "-61.45576000",
    "native": null,
    "timezone": "America/Argentina/Buenos_Aires",
    "translations": {}
  },
  {
    "id": 837,
    "name": "Departamento de Bermejo",
    "state_id": 3640,
    "state_code": "H",
    "country_id": 11,
    "country_code": "AR",
    "latitude": "-27.00000000",
    "longitude": "-58.66667000",
    "native": null,
    "timezone": "America/Argentina/Buenos_Aires",
    "translations": {}
  },
  {
    "id": 865,
    "name": "Departamento de Comandante Fernández",
    "state_id": 3640,
    "state_code": "H",
    "country_id": 11,
    "country_code": "AR",
    "latitude": "-26.83333000",
    "longitude": "-60.50000000",
    "native": null,
    "timezone": "America/Argentina/Buenos_Aires",
    "translations": {}
  },
  {
    "id": 875,
    "name": "Departamento de Doce de Octubre",
    "state_id": 3640,
    "state_code": "H",
    "country_id": 11,
    "country_code": "AR",
    "latitude": "-27.41667000",
    "longitude": "-61.33333000",
    "native": null,
    "timezone": "America/Argentina/Buenos_Aires",
    "translations": {}
  },
  {
    "id": 876,
    "name": "Departamento de Dos de Abril",
    "state_id": 3640,
    "state_code": "H",
    "country_id": 11,
    "country_code": "AR",
    "latitude": "-27.60932000",
    "longitude": "-61.34473000",
    "native": null,
    "timezone": "America/Argentina/Buenos_Aires",
    "translations": {}
  },
  {
    "id": 890,
    "name": "Departamento de General Donovan",
    "state_id": 3640,
    "state_code": "H",
    "country_id": 11,
    "country_code": "AR",
    "latitude": "-27.16667000",
    "longitude": "-59.33333000",
    "native": null,
    "timezone": "America/Argentina/Buenos_Aires",
    "translations": {}
  },
  {
    "id": 892,
    "name": "Departamento de General Güemes",
    "state_id": 3640,
    "state_code": "H",
    "country_id": 11,
    "country_code": "AR",
    "latitude": "-25.16667000",
    "longitude": "-61.41667000",
    "native": null,
    "timezone": "America/Argentina/Buenos_Aires",
    "translations": {}
  },
  {
    "id": 909,
    "name": "Departamento de Independencia",
    "state_id": 3640,
    "state_code": "H",
    "country_id": 11,
    "country_code": "AR",
    "latitude": "-26.66667000",
    "longitude": "-60.66667000",
    "native": null,
    "timezone": "America/Argentina/Buenos_Aires",
    "translations": {}
  },
  {
    "id": 928,
    "name": "Departamento de Libertad",
    "state_id": 3640,
    "state_code": "H",
    "country_id": 11,
    "country_code": "AR",
    "latitude": "-27.33333000",
    "longitude": "-59.33333000",
    "native": null,
    "timezone": "America/Argentina/Buenos_Aires",
    "translations": {}
  },
  {
    "id": 937,
    "name": "Departamento de Maipú",
    "state_id": 3640,
    "state_code": "H",
    "country_id": 11,
    "country_code": "AR",
    "latitude": "-26.33333000",
    "longitude": "-60.41667000",
    "native": null,
    "timezone": "America/Argentina/Buenos_Aires",
    "translations": {}
  },
  {
    "id": 950,
    "name": "Departamento de Nueve de Julio",
    "state_id": 3640,
    "state_code": "H",
    "country_id": 11,
    "country_code": "AR",
    "latitude": "-26.95331000",
    "longitude": "-61.27627000",
    "native": null,
    "timezone": "America/Argentina/Buenos_Aires",
    "translations": {}
  },
  {
    "id": 954,
    "name": "Departamento de O’Higgins",
    "state_id": 3640,
    "state_code": "H",
    "country_id": 11,
    "country_code": "AR",
    "latitude": "-27.25000000",
    "longitude": "-60.66667000",
    "native": null,
    "timezone": "America/Argentina/Buenos_Aires",
    "translations": {}
  },
  {
    "id": 960,
    "name": "Departamento de Presidencia de la Plaza",
    "state_id": 3640,
    "state_code": "H",
    "country_id": 11,
    "country_code": "AR",
    "latitude": "-27.00000000",
    "longitude": "-59.75000000",
    "native": null,
    "timezone": "America/Argentina/Buenos_Aires",
    "translations": {}
  },
  {
    "id": 962,
    "name": "Departamento de Quitilipi",
    "state_id": 3640,
    "state_code": "H",
    "country_id": 11,
    "country_code": "AR",
    "latitude": "-26.66667000",
    "longitude": "-60.16667000",
    "native": null,
    "timezone": "America/Argentina/Buenos_Aires",
    "translations": {}
  },
  {
    "id": 986,
    "name": "Departamento de San Fernando",
    "state_id": 3640,
    "state_code": "H",
    "country_id": 11,
    "country_code": "AR",
    "latitude": "-27.66667000",
    "longitude": "-59.16667000",
    "native": null,
    "timezone": "America/Argentina/Buenos_Aires",
    "translations": {}
  },
  {
    "id": 994,
    "name": "Departamento de San Lorenzo",
    "state_id": 3640,
    "state_code": "H",
    "country_id": 11,
    "country_code": "AR",
    "latitude": "-27.33333000",
    "longitude": "-60.41667000",
    "native": null,
    "timezone": "America/Argentina/Buenos_Aires",
    "translations": {}
  },
  {
    "id": 1010,
    "name": "Departamento de Sargento Cabral",
    "state_id": 3640,
    "state_code": "H",
    "country_id": 11,
    "country_code": "AR",
    "latitude": "-26.83333000",
    "longitude": "-59.50000000",
    "native": null,
    "timezone": "America/Argentina/Buenos_Aires",
    "translations": {}
  },
  {
    "id": 1017,
    "name": "Departamento de Tapenagá",
    "state_id": 3640,
    "state_code": "H",
    "country_id": 11,
    "country_code": "AR",
    "latitude": "-27.50000000",
    "longitude": "-59.75000000",
    "native": null,
    "timezone": "America/Argentina/Buenos_Aires",
    "translations": {}
  },
  {
    "id": 1081,
    "name": "Fontana",
    "state_id": 3640,
    "state_code": "H",
    "country_id": 11,
    "country_code": "AR",
    "latitude": "-27.41813000",
    "longitude": "-59.02392000",
    "native": null,
    "timezone": "America/Argentina/Buenos_Aires",
    "translations": {}
  },
  {
    "id": 1088,
    "name": "Gancedo",
    "state_id": 3640,
    "state_code": "H",
    "country_id": 11,
    "country_code": "AR",
    "latitude": "-27.49038000",
    "longitude": "-61.67571000",
    "native": null,
    "timezone": "America/Argentina/Buenos_Aires",
    "translations": {}
  },
  {
    "id": 1105,
    "name": "General José de San Martín",
    "state_id": 3640,
    "state_code": "H",
    "country_id": 11,
    "country_code": "AR",
    "latitude": "-26.53743000",
    "longitude": "-59.34158000",
    "native": null,
    "timezone": "America/Argentina/Buenos_Aires",
    "translations": {}
  },
  {
    "id": 1109,
    "name": "General Pinedo",
    "state_id": 3640,
    "state_code": "H",
    "country_id": 11,
    "country_code": "AR",
    "latitude": "-27.31667000",
    "longitude": "-61.28333000",
    "native": null,
    "timezone": "America/Argentina/Buenos_Aires",
    "translations": {}
  },
  {
    "id": 1114,
    "name": "General Vedia",
    "state_id": 3640,
    "state_code": "H",
    "country_id": 11,
    "country_code": "AR",
    "latitude": "-26.93382000",
    "longitude": "-58.66040000",
    "native": null,
    "timezone": "America/Argentina/Buenos_Aires",
    "translations": {}
  },
  {
    "id": 1135,
    "name": "Hermoso Campo",
    "state_id": 3640,
    "state_code": "H",
    "country_id": 11,
    "country_code": "AR",
    "latitude": "-27.60816000",
    "longitude": "-61.34441000",
    "native": null,
    "timezone": "America/Argentina/Buenos_Aires",
    "translations": {}
  },
  {
    "id": 1181,
    "name": "La Clotilde",
    "state_id": 3640,
    "state_code": "H",
    "country_id": 11,
    "country_code": "AR",
    "latitude": "-27.13333000",
    "longitude": "-60.66667000",
    "native": null,
    "timezone": "America/Argentina/Buenos_Aires",
    "translations": {}
  },
  {
    "id": 1186,
    "name": "La Eduvigis",
    "state_id": 3640,
    "state_code": "H",
    "country_id": 11,
    "country_code": "AR",
    "latitude": "-26.83607000",
    "longitude": "-59.06211000",
    "native": null,
    "timezone": "America/Argentina/Buenos_Aires",
    "translations": {}
  },
  {
    "id": 1187,
    "name": "La Escondida",
    "state_id": 3640,
    "state_code": "H",
    "country_id": 11,
    "country_code": "AR",
    "latitude": "-27.10724000",
    "longitude": "-59.44784000",
    "native": null,
    "timezone": "America/Argentina/Buenos_Aires",
    "translations": {}
  },
  {
    "id": 1191,
    "name": "La Leonesa",
    "state_id": 3640,
    "state_code": "H",
    "country_id": 11,
    "country_code": "AR",
    "latitude": "-27.03786000",
    "longitude": "-58.70347000",
    "native": null,
    "timezone": "America/Argentina/Buenos_Aires",
    "translations": {}
  },
  {
    "id": 1201,
    "name": "La Tigra",
    "state_id": 3640,
    "state_code": "H",
    "country_id": 11,
    "country_code": "AR",
    "latitude": "-27.10996000",
    "longitude": "-60.58719000",
    "native": null,
    "timezone": "America/Argentina/Buenos_Aires",
    "translations": {}
  },
  {
    "id": 1203,
    "name": "La Verde",
    "state_id": 3640,
    "state_code": "H",
    "country_id": 11,
    "country_code": "AR",
    "latitude": "-27.12634000",
    "longitude": "-59.37352000",
    "native": null,
    "timezone": "America/Argentina/Buenos_Aires",
    "translations": {}
  },
  {
    "id": 1208,
    "name": "Laguna Limpia",
    "state_id": 3640,
    "state_code": "H",
    "country_id": 11,
    "country_code": "AR",
    "latitude": "-26.49565000",
    "longitude": "-59.68083000",
    "native": null,
    "timezone": "America/Argentina/Buenos_Aires",
    "translations": {}
  },
  {
    "id": 1213,
    "name": "Lapachito",
    "state_id": 3640,
    "state_code": "H",
    "country_id": 11,
    "country_code": "AR",
    "latitude": "-27.15997000",
    "longitude": "-59.38605000",
    "native": null,
    "timezone": "America/Argentina/Buenos_Aires",
    "translations": {}
  },
  {
    "id": 1216,
    "name": "Las Breñas",
    "state_id": 3640,
    "state_code": "H",
    "country_id": 11,
    "country_code": "AR",
    "latitude": "-27.08966000",
    "longitude": "-61.08161000",
    "native": null,
    "timezone": "America/Argentina/Buenos_Aires",
    "translations": {}
  },
  {
    "id": 1218,
    "name": "Las Garcitas",
    "state_id": 3640,
    "state_code": "H",
    "country_id": 11,
    "country_code": "AR",
    "latitude": "-26.61802000",
    "longitude": "-59.80135000",
    "native": null,
    "timezone": "America/Argentina/Buenos_Aires",
    "translations": {}
  },
  {
    "id": 1249,
    "name": "Los Frentones",
    "state_id": 3640,
    "state_code": "H",
    "country_id": 11,
    "country_code": "AR",
    "latitude": "-26.40770000",
    "longitude": "-61.41367000",
    "native": null,
    "timezone": "America/Argentina/Buenos_Aires",
    "translations": {}
  },
  {
    "id": 1260,
    "name": "Machagai",
    "state_id": 3640,
    "state_code": "H",
    "country_id": 11,
    "country_code": "AR",
    "latitude": "-26.92614000",
    "longitude": "-60.04955000",
    "native": null,
    "timezone": "America/Argentina/Buenos_Aires",
    "translations": {}
  },
  {
    "id": 1264,
    "name": "Makallé",
    "state_id": 3640,
    "state_code": "H",
    "country_id": 11,
    "country_code": "AR",
    "latitude": "-27.20687000",
    "longitude": "-59.28696000",
    "native": null,
    "timezone": "America/Argentina/Buenos_Aires",
    "translations": {}
  },
  {
    "id": 1270,
    "name": "Margarita Belén",
    "state_id": 3640,
    "state_code": "H",
    "country_id": 11,
    "country_code": "AR",
    "latitude": "-27.26160000",
    "longitude": "-58.97219000",
    "native": null,
    "timezone": "America/Argentina/Buenos_Aires",
    "translations": {}
  },
  {
    "id": 1296,
    "name": "Napenay",
    "state_id": 3640,
    "state_code": "H",
    "country_id": 11,
    "country_code": "AR",
    "latitude": "-26.73333000",
    "longitude": "-60.61667000",
    "native": null,
    "timezone": "America/Argentina/Buenos_Aires",
    "translations": {}
  },
  {
    "id": 1314,
    "name": "Pampa Almirón",
    "state_id": 3640,
    "state_code": "H",
    "country_id": 11,
    "country_code": "AR",
    "latitude": "-26.70039000",
    "longitude": "-59.12331000",
    "native": null,
    "timezone": "America/Argentina/Buenos_Aires",
    "translations": {}
  },
  {
    "id": 1316,
    "name": "Pampa del Indio",
    "state_id": 3640,
    "state_code": "H",
    "country_id": 11,
    "country_code": "AR",
    "latitude": "-26.04982000",
    "longitude": "-59.93728000",
    "native": null,
    "timezone": "America/Argentina/Buenos_Aires",
    "translations": {}
  },
  {
    "id": 1317,
    "name": "Pampa del Infierno",
    "state_id": 3640,
    "state_code": "H",
    "country_id": 11,
    "country_code": "AR",
    "latitude": "-26.50517000",
    "longitude": "-61.17436000",
    "native": null,
    "timezone": "America/Argentina/Buenos_Aires",
    "translations": {}
  },
  {
    "id": 1347,
    "name": "Presidencia de la Plaza",
    "state_id": 3640,
    "state_code": "H",
    "country_id": 11,
    "country_code": "AR",
    "latitude": "-27.00147000",
    "longitude": "-59.84243000",
    "native": null,
    "timezone": "America/Argentina/Buenos_Aires",
    "translations": {}
  },
  {
    "id": 1345,
    "name": "Presidencia Roca",
    "state_id": 3640,
    "state_code": "H",
    "country_id": 11,
    "country_code": "AR",
    "latitude": "-26.14090000",
    "longitude": "-59.59541000",
    "native": null,
    "timezone": "America/Argentina/Buenos_Aires",
    "translations": {}
  },
  {
    "id": 1346,
    "name": "Presidencia Roque Sáenz Peña",
    "state_id": 3640,
    "state_code": "H",
    "country_id": 11,
    "country_code": "AR",
    "latitude": "-26.78522000",
    "longitude": "-60.43876000",
    "native": null,
    "timezone": "America/Argentina/Buenos_Aires",
    "translations": {}
  },
  {
    "id": 1351,
    "name": "Puerto Bermejo",
    "state_id": 3640,
    "state_code": "H",
    "country_id": 11,
    "country_code": "AR",
    "latitude": "-26.92739000",
    "longitude": "-58.50917000",
    "native": null,
    "timezone": "America/Argentina/Buenos_Aires",
    "translations": {}
  },
  {
    "id": 1363,
    "name": "Puerto Tirol",
    "state_id": 3640,
    "state_code": "H",
    "country_id": 11,
    "country_code": "AR",
    "latitude": "-27.37218000",
    "longitude": "-59.08206000",
    "native": null,
    "timezone": "America/Argentina/Buenos_Aires",
    "translations": {}
  },
  {
    "id": 1364,
    "name": "Puerto Vilelas",
    "state_id": 3640,
    "state_code": "H",
    "country_id": 11,
    "country_code": "AR",
    "latitude": "-27.51414000",
    "longitude": "-58.93906000",
    "native": null,
    "timezone": "America/Argentina/Buenos_Aires",
    "translations": {}
  },
  {
    "id": 1370,
    "name": "Quitilipi",
    "state_id": 3640,
    "state_code": "H",
    "country_id": 11,
    "country_code": "AR",
    "latitude": "-26.86913000",
    "longitude": "-60.21683000",
    "native": null,
    "timezone": "America/Argentina/Buenos_Aires",
    "translations": {}
  },
  {
    "id": 1379,
    "name": "Resistencia",
    "state_id": 3640,
    "state_code": "H",
    "country_id": 11,
    "country_code": "AR",
    "latitude": "-27.46056000",
    "longitude": "-58.98389000",
    "native": null,
    "timezone": "America/Argentina/Buenos_Aires",
    "translations": {}
  },
  {
    "id": 1405,
    "name": "Samuhú",
    "state_id": 3640,
    "state_code": "H",
    "country_id": 11,
    "country_code": "AR",
    "latitude": "-27.52116000",
    "longitude": "-60.39167000",
    "native": null,
    "timezone": "America/Argentina/Buenos_Aires",
    "translations": {}
  },
  {
    "id": 1414,
    "name": "San Bernardo",
    "state_id": 3640,
    "state_code": "H",
    "country_id": 11,
    "country_code": "AR",
    "latitude": "-27.28782000",
    "longitude": "-60.71252000",
    "native": null,
    "timezone": "America/Argentina/Buenos_Aires",
    "translations": {}
  },
  {
    "id": 1471,
    "name": "Santa Sylvina",
    "state_id": 3640,
    "state_code": "H",
    "country_id": 11,
    "country_code": "AR",
    "latitude": "-27.83261000",
    "longitude": "-61.13747000",
    "native": null,
    "timezone": "America/Argentina/Buenos_Aires",
    "translations": {}
  },
  {
    "id": 1493,
    "name": "Taco Pozo",
    "state_id": 3640,
    "state_code": "H",
    "country_id": 11,
    "country_code": "AR",
    "latitude": "-25.61557000",
    "longitude": "-63.26708000",
    "native": null,
    "timezone": "America/Argentina/Buenos_Aires",
    "translations": {}
  },
  {
    "id": 1515,
    "name": "Tres Isletas",
    "state_id": 3640,
    "state_code": "H",
    "country_id": 11,
    "country_code": "AR",
    "latitude": "-26.34067000",
    "longitude": "-60.43207000",
    "native": null,
    "timezone": "America/Argentina/Buenos_Aires",
    "translations": {}
  },
  {
    "id": 1586,
    "name": "Villa Ángela",
    "state_id": 3640,
    "state_code": "H",
    "country_id": 11,
    "country_code": "AR",
    "latitude": "-27.57383000",
    "longitude": "-60.71526000",
    "native": null,
    "timezone": "America/Argentina/Buenos_Aires",
    "translations": {}
  },
  {
    "id": 1542,
    "name": "Villa Berthet",
    "state_id": 3640,
    "state_code": "H",
    "country_id": 11,
    "country_code": "AR",
    "latitude": "-27.29174000",
    "longitude": "-60.41263000",
    "native": null,
    "timezone": "America/Argentina/Buenos_Aires",
    "translations": {}
  }
]