["Aberdeen","Adams County","Akron","Albany","Albion","Alexandria","Allen County","Anderson","Andrews","Angola","Arcadia","Argos","Attica","Auburn","Aurora","Austin","Avilla","Avon","Bargersville","Bartholomew County","Bass Lake","Batesville","Battle Ground","Bedford","Beech Grove","Benton County","Berne","Bicknell","Blackford County","Bloomfield","Bloomington","Bluffton","Boone County","Boonville","Bourbon","Brazil","Bremen","Bright","Bristol","Broad Ripple","Brooklyn","Brookston","Brookville","Brown County","Brownsburg","Brownstown","Burns Harbor","Butler","Cambridge City","Cannelton","Carmel","Carroll County","Cass County","Cayuga","Cedar Lake","Centerville","Chandler","Charlestown","Chesterfield","Chesterton","Churubusco","Cicero","Clark County","Clarksville","Clay County","Clermont","Clinton","Clinton County","Cloverdale","Columbia City","Columbus","Connersville","Converse","Cordry Sweetwater Lakes","Corydon","Country Squire Lakes","Covington","Crawford County","Crawfordsville","Crothersville","Crown Point","Culver","Cumberland","Dale","Daleville","Danville","Darmstadt","Daviess County","Dayton","Dearborn County","Decatur","Decatur County","DeKalb County","Delaware County","Delphi","DeMotte","Dillsboro","Dubois County","Dunkirk","Dunlap","Dyer","East Chicago","Eaton","Edgewood","Edinburgh","Elkhart","Elkhart County","Ellettsville","Elwood","English","Evansville","Fairfield Heights","Fairmount","Fairview Park","Farmersburg","Farmland","Fayette County","Ferdinand","Fish Lake","Fishers","Flora","Floyd County","Fort Branch","Fort Wayne","Fortville","Fountain County","Fowler","Frankfort","Franklin","Franklin County","Frankton","Fremont","French Lick","Fulton County","Galena","Galveston","Garrett","Gary","Gas City","Geneva","Georgetown","Gibson County","Goodland","Goshen","Grabill","Granger","Grant County","Greencastle","Greendale","Greene County","Greenfield","Greensburg","Greentown","Greenwood","Griffith","Grissom Air Force Base","Gulivoire Park","Hagerstown","Hamilton","Hamilton County","Hammond","Hancock County","Hanover","Harlan","Harrison County","Hartford City","Haubstadt","Hebron","Hendricks County","Henry County","Henryville","Heritage Lake","Hidden Valley","Highland","Hobart","Hope","Howard County","Hudson Lake","Huntertown","Huntingburg","Huntington","Huntington County","Indian Heights","Indianapolis","Ingalls","Jackson County","Jasonville","Jasper","Jasper County","Jay County","Jefferson County","Jeffersonville","Jennings County","Johnson County","Jonesboro","Kendallville","Kentland","Kingsford Heights","Knightstown","Knox","Knox County","Kokomo","Koontz Lake","Kosciusko County","Kouts","La Porte","Lafayette","Lagrange","LaGrange County","Lake County","Lake Dalecarlia","Lake Station","Lakes of the Four Seasons","Lapel","LaPorte County","Lawrence","Lawrence County","Lawrenceburg","Lebanon","Leo-Cedarville","Liberty","Ligonier","Linton","Logansport","Long Beach","Loogootee","Lowell","Lynn","Madison","Madison County","Marion","Marion County","Markle","Marshall County","Martin County","Martinsville","McCordsville","Melody Hill","Meridian Hills","Merrillville","Miami County","Michigan City","Middlebury","Middletown","Milan","Milford","Mishawaka","Mitchell","Monon","Monroe County","Monroeville","Monrovia","Montgomery County","Monticello","Montpelier","Mooresville","Morgan County","Morocco","Morristown","Mount Vernon","Mulberry","Muncie","Munster","Nappanee","Nashville","New Albany","New Carlisle","New Castle","New Chicago","New Haven","New Palestine","New Paris","New Pekin","New Whiteland","Newburgh","Newport","Newton County","Noble County","Noblesville","North Judson","North Liberty","North Madison","North Manchester","North Terre Haute","North Vernon","North Webster","Notre Dame","Oak Park","Oakland City","Odon","Ogden Dunes","Ohio County","Oolitic","Orange County","Orleans","Osceola","Osgood","Ossian","Otterbein","Owen County","Owensville","Oxford","Paoli","Parke County","Parker City","Pendleton","Perry County","Peru","Petersburg","Pierceton","Pike County","Pittsboro","Plainfield","Plymouth","Portage","Porter","Porter County","Portland","Posey County","Poseyville","Princes Lakes","Princeton","Pulaski County","Putnam County","Randolph County","Redkey","Remington","Rensselaer","Richmond","Ripley County","Rising Sun","Roanoke","Rochester","Rockport","Rockville","Rome City","Roselawn","Rossville","Rush County","Rushville","Russiaville","Saint John","Saint Joseph County","Saint Paul","Salem","Santa Claus","Schererville","Scott County","Scottsburg","Seelyville","Sellersburg","Seymour","Shadeland","Shelburn","Shelby County","Shelbyville","Sheridan","Shoals","Shorewood Forest","Simonton Lake","Smithville-Sanders","South Bend","South Haven","South Whitley","Southport","Speedway","Spencer","Spencer County","Starke County","Steuben County","Sullivan","Sullivan County","Sunman","Sweetser","Switzerland County","Syracuse","Tell City","Terre Haute","Thorntown","Tippecanoe County","Tipton","Tipton County","Topeka","Trafalgar","Trail Creek","Tri-Lakes","Union City","Union County","Upland","Valparaiso","Vanderburgh County","Veedersburg","Vermillion County","Versailles","Vevay","Vigo County","Vincennes","Wabash","Wabash County","Wakarusa","Walkerton","Walton","Wanatah","Warren","Warren County","Warren Park","Warrick County","Warsaw","Washington","Washington County","Waterloo","Wayne County","Wells County","West Lafayette","West Terre Haute","Westfield","Westport","Westville","White County","Whiteland","Whitestown","Whiting","Whitley County","Williamsport","Winamac","Winchester","Winfield","Winona Lake","Wolcottville","Woodburn","Worthington","Yorktown","Zionsville"]