["Aberdeen","Aberdeen Proving Ground","Accokeek","Adamstown","Adelphi","Algonquin","Allegany County","Andrews AFB","Annapolis","Anne Arundel County","Arbutus","Arden on the Severn","Arlington","Arnold","Ashton-Sandy Spring","Aspen Hill","Baden","Ballenger Creek","Baltimore","Baltimore County","Baltimore Highlands","Bartonsville","Bel Air","Bel Air North","Bel Air South","Beltsville","Bennsville","Berlin","Berwyn Heights","Bethesda","Bladensburg","Boonsboro","Bowie","Bowleys Quarters","Bowling Green","Braddock Heights","Brandywine","Brentwood","Brock Hall","Brooklyn Park","Brookmont","Brunswick","Bryans Road","Buckeystown","Burtonsville","Butcher's Hill","Cabin John","California","Calvert County","Calverton","Cambridge","Camp Springs","Cape Saint Claire","Capitol Heights","Carney","Caroline County","Carroll County","Catonsville","Cavetown","Cecil County","Centreville","Charles County","Charles Village","Charlestown","Charlotte Hall","Chesapeake Beach","Chesapeake Ranch Estates","Chester","Chestertown","Cheverly","Chevy Chase","Chillum","City of Baltimore","Clarksburg","Clinton","Clover Hill","Cloverly","Cobb Island","Cockeysville","Colesville","College Park","Colmar Manor","Columbia","Coral Hills","Cottage City","Cresaptown","Crisfield","Crofton","Croom","Crownsville","Cumberland","Damascus","Darnestown","Davidsonville","Deale","Denton","Derwood","District Heights","Dorchester County","Drum Point","Dundalk","Dunkirk","Dunkirk Town Center","East Riverdale","Easton","Edgemere","Edgewater","Edgewood","Edmonston","Eldersburg","Elkridge","Elkton","Ellicott City","Emmitsburg","Essex","Fairland","Fairmount Heights","Fairwood","Fallston","Federalsburg","Ferndale","Forest Glen","Forest Heights","Forestville","Fort George G Mead Junction","Fort Meade","Fort Washington","Fountainhead-Orchard Hills","Four Corners","Frederick","Frederick County","Friendly","Friendship Village","Frostburg","Fruitland","Fulton","Gaithersburg","Gambrills","Garrett County","Garrett Park","Garrison","Germantown","Glassmanor","Glen Burnie","Glenarden","Glenmont","Glenn Dale","Goddard","Golden Beach","Grasonville","Greater Upper Marlboro","Green Haven","Green Valley","Greenbelt","Greensboro","Hagerstown","Halfway","Hampstead","Hampton","Hancock","Hanover","Harford County","Havre de Grace","Hebron","Herald Harbor","Highfield-Cascade","Highland","Hillandale","Hillcrest Heights","Hillsmere Shores","Howard County","Hughesville","Hunt Valley","Huntingtown","Huntingtown Town Center","Hurlock","Hyattsville","Ilchester","Indian Head","Irvington","Jarrettsville","Jefferson","Jessup","Joppatowne","Keedysville","Kemp Mill","Kensington","Kent County","Kettering","Kingstown","Kingsville","La Plata","La Vale","Lake Arbor","Lake Shore","Landover","Landover Hills","Langley Park","Lanham","Lanham-Seabrook","Lansdowne","Largo","Laurel","Layhill","Leisure World","Leonardtown","Lexington Park","Linganore","Linthicum","Lochearn","Lonaconing","Londontowne","Long Beach","Lusby","Lutherville","Lutherville-Timonium","Manchester","Marlboro Meadows","Marlboro Village","Marlow Heights","Marlton","Maryland City","Maugansville","Mayo","Mays Chapel","Mechanicsville","Mellwood","Middle River","Middletown","Milford Mill","Mitchellville","Montgomery County","Montgomery Village","Morningside","Mount Airy","Mount Rainier","Mountain Lake Park","Myersville","National Harbor","Naval Academy","New Carrollton","New Windsor","North Beach","North Bel Air","North Bethesda","North East","North Kensington","North Laurel","North Potomac","Oakland","Ocean City","Ocean Pines","Odenton","Olney","Overlea","Owings","Owings Mills","Oxon Hill","Oxon Hill-Glassmanor","Paramount-Long Meadow","Parkville","Parole","Pasadena","Peppermill Village","Perry Hall","Perryman","Perryville","Pikesville","Pittsville","Pleasant Hills","Pocomoke City","Point of Rocks","Poolesville","Potomac","Potomac Heights","Potomac Park","Prince Frederick","Prince George's County","Princess Anne","Pumphrey","Queen Anne","Queen Anne's County","Queenland","Randallstown","Redland","Reisterstown","Ridgely","Rising Sun","Riva","Riverdale Park","Riverside","Riviera Beach","Robinwood","Rock Hall","Rockville","Rosaryville","Rosedale","Rossmoor","Rossville","Saint Charles","Saint James","Saint Mary's County","Saint Michaels","Salisbury","Savage","Scaggsville","Seabrook","Seat Pleasant","Selby-on-the-Bay","Severn","Severna Park","Shady Side","Silver Hill","Silver Spring","Smithsburg","Snow Hill","Solomons","Somerset","Somerset County","South Bel Air","South Gate","South Kensington","South Laurel","Spencerville","Spring Ridge","Springdale","Stevensville","Suitland","Suitland-Silver Hill","Summerfield","Sykesville","Takoma Park","Talbot County","Taneytown","Temple Hills","Thurmont","Timonium","Towson","Trappe","Travilah","University Park","Upper Marlboro","Urbana","Waldorf","Walker Mill","Walkersville","Washington County","West Elkridge","West Laurel","West Ocean City","Westernport","Westminster","Westphalia","Wheaton","White Marsh","White Oak","Wicomico County","Williamsport","Wilson-Conococheague","Woodlawn","Woodmore","Woodsboro","Worcester County"]