["Abington","Acton","Acushnet","Acushnet Center","Adams","Agawam","Amesbury","Amherst","Amherst Center","Andover","Arlington","Ashburnham","Ashby","Ashfield","Ashland","Assonet","Athol","Attleboro","Auburn","Avon","Ayer","Baldwinville","Barnstable","Barnstable County","Barre","Becket","Bedford","Belchertown","Bellingham","Belmont","Berkley","Berkshire County","Berlin","Bernardston","Beverly","Beverly Cove","Billerica","Blackstone","Bliss Corner","Bolton","Bondsville","Boston","Bourne","Boxborough","Boxford","Boylston","Braintree","Brewster","Bridgewater","Brimfield","Bristol County","Brockton","Brookline","Buckland","Burlington","Buzzards Bay","Cambridge","Canton","Carlisle","Carver","Centerville","Charlemont","Charlton","Chatham","Chelmsford","Chelsea","Chesterfield","Chicopee","Clinton","Cochituate","Cohasset","Colrain","Concord","Conway","Cordaville","Cotuit","Dalton","Danvers","Dartmouth","Dedham","Dennis","Dennis Port","Devens","Dighton","Douglas","Dover","Dracut","Dudley","Dukes County","Dunstable","Duxbury","East Bridgewater","East Brookfield","East Dennis","East Douglas","East Falmouth","East Harwich","East Longmeadow","East Pepperell","East Sandwich","Eastham","Easthampton","Easton","Edgartown","Erving","Essex","Essex County","Everett","Fairhaven","Fall River","Falmouth","Fiskdale","Fitchburg","Forestdale","Foxborough","Framingham","Framingham Center","Franklin","Franklin County","Freetown","Gardner","Gill","Gloucester","Grafton","Granby","Granville","Great Barrington","Green Harbor-Cedar Crest","Greenfield","Groton","Groveland","Hadley","Halifax","Hamilton Worcester","Hampden","Hampden County","Hampshire County","Hanover","Hanson","Hardwick","Harvard","Harwich","Harwich Center","Harwich Port","Hatfield","Haverhill","Head of Westport","Hingham","Hinsdale","Holbrook","Holden","Holland","Holliston","Holyoke","Hopedale","Hopkinton","Housatonic","Hubbardston","Hudson","Hull","Hyannis","Ipswich","Jamaica Plain","Kingston","Lancaster","Lanesborough","Lawrence","Lee","Leicester","Lenox","Leominster","Leverett","Lexington","Lincoln","Littleton Common","Longmeadow","Lowell","Ludlow","Lunenburg","Lynn","Lynnfield","Malden","Manchester-by-the-Sea","Mansfield","Mansfield Center","Marblehead","Marion","Marion Center","Marlborough","Marshfield","Marshfield Hills","Marstons Mills","Mashpee","Mattapoisett","Mattapoisett Center","Maynard","Medfield","Medford","Medway","Melrose","Mendon","Merrimac","Methuen","Middleborough","Middleborough Center","Middlesex County","Middleton","Milford","Millbury","Millers Falls","Millis","Millis-Clicquot","Millville","Milton","Monson","Monson Center","Montague","Monument Beach","Nahant","Nantucket","Nantucket County","Natick","Needham","New Bedford","New Marlborough","Newburyport","Newton","Norfolk","Norfolk County","North Adams","North Amherst","North Andover","North Attleborough Center","North Brookfield","North Chicopee","North Eastham","North Falmouth","North Lakeville","North Pembroke","North Plymouth","North Reading","North Scituate","North Seekonk","North Westport","Northampton","Northborough","Northbridge","Northfield","Northwest Harwich","Norton","Norton Center","Norwell","Norwood","Oak Bluffs","Oakham","Ocean Bluff-Brant Rock","Ocean Grove","Onset","Orange","Orleans","Osterville","Otis","Oxford","Palmer","Paxton","Peabody","Pelham","Pepperell","Phillipston","Pinehurst","Pittsfield","Plainville","Plymouth","Plymouth County","Plympton","Pocasset","Princeton","Provincetown","Quincy","Randolph","Raynham","Raynham Center","Reading","Rehoboth","Revere","Richmond","Rochester","Rockland","Rockport","Rowley","Royalston","Rutland","Sagamore","Salem","Salisbury","Sandwich","Saugus","Scituate","Seekonk","Sharon","Sheffield","Shelburne","Shelburne Falls","Sherborn","Shirley","Shrewsbury","Shutesbury","Smith Mills","Somerset","Somerville","South Amherst","South Ashburnham","South Boston","South Deerfield","South Dennis","South Duxbury","South Hadley","South Lancaster","South Peabody","South Yarmouth","Southampton","Southborough","Southbridge","Southwick","Spencer","Springfield","Sterling","Stockbridge","Stoneham","Stoughton","Stow","Sturbridge","Sudbury","Suffolk County","Sunderland","Sutton","Swampscott","Swansea","Taunton","Teaticket","Templeton","Tewksbury","Three Rivers","Topsfield","Townsend","Truro","Turners Falls","Tyngsboro","Upton","Uxbridge","Vineyard Haven","Wakefield","Wales","Walpole","Waltham","Ware","Wareham Center","Warren","Watertown","Wayland","Webster","Wellesley","Wellfleet","Wendell","Wenham","West Barnstable","West Boylston","West Bridgewater","West Brookfield","West Chatham","West Concord","West Dennis","West Falmouth","West Newbury","West Springfield","West Stockbridge","West Tisbury","West Wareham","West Yarmouth","Westborough","Westfield","Westford","Westhampton","Westminster","Weston","Westwood","Weweantic","Weymouth","Whately","White Island Shores","Whitinsville","Whitman","Wilbraham","Williamsburg","Williamstown","Wilmington","Winchendon","Winchester","Winthrop","Woburn","Worcester","Worcester County","Wrentham","Yarmouth","Yarmouth Port"]