["Ahwatukee Foothills","Ajo","Alhambra","Anthem","Apache County","Apache Junction","Arivaca Junction","Arizona City","Avenue B and C","Avondale","Avra Valley","Bagdad","Beaver Dam","Benson","Big Park","Bisbee","Black Canyon City","Blackwater","Buckeye","Bullhead City","Bylas","Cactus Flat","Camp Verde","Canyon Day","Carefree","Casa Blanca","Casa Grande","Casas Adobes","Catalina","Catalina Foothills","Cave Creek","Centennial Park","Central City","Central Heights-Midland City","Chandler","Chinle","Chino Valley","Cibecue","Cienega Springs","Citrus Park","Clarkdale","Claypool","Clifton","Cochise County","Coconino County","Colorado City","Congress","Coolidge","Cordes Lakes","Cornville","Corona de Tucson","Cottonwood","Deer Valley","Desert Hills","Dewey-Humboldt","Dilkon","Dolan Springs","Donovan Estates","Douglas","Drexel Heights","Eagar","East Sahuarita","Ehrenberg","El Mirage","Eloy","Encanto","First Mesa","Flagstaff","Florence","Flowing Wells","Fort Defiance","Fortuna Foothills","Fountain Hills","Fredonia","Ganado","Gila Bend","Gila County","Gilbert","Glendale","Globe","Gold Camp","Gold Canyon","Golden Shores","Golden Valley","Goodyear","Graham County","Grand Canyon","Green Valley","Greenlee County","Guadalupe","Heber-Overgaard","Holbrook","Houck","Huachuca City","Joseph City","Kachina Village","Kaibito","Kayenta","Kearny","Kingman","La Paz County","Lake Havasu City","Lake Montezuma","Lake of the Woods","Laveen","LeChee","Linden","Litchfield Park","Lukachukai","Mammoth","Many Farms","Marana","Maricopa","Maricopa County","Maryvale","Mayer","Meadview","Mesa","Mescal","Miami","Mohave County","Mohave Valley","Morenci","Mountainaire","Naco","Navajo County","New Kingman-Butler","New River","Nogales","North Fork","Oracle","Oro Valley","Page","Paradise Valley","Parker","Parks","Paulden","Payson","Peach Springs","Peoria","Peridot","Phoenix","Picture Rocks","Pima","Pima County","Pinal County","Pine","Pinetop-Lakeside","Pirtleville","Prescott","Prescott Valley","Quartzsite","Queen Creek","Rio Rico","Rio Verde","Sacaton","Saddle Brooke","Safford","Sahuarita","Saint David","Saint Johns","Saint Michaels","Salome","San Carlos","San Luis","San Manuel","San Tan Valley","Santa Cruz County","Scenic","Scottsdale","Sedona","Sells","Show Low","Sierra Vista","Sierra Vista Southeast","Six Shooter Canyon","Snowflake","Somerton","South Tucson","Spring Valley","Springerville","Star Valley","Summit","Sun City","Sun City West","Sun Lakes","Sun Valley","Superior","Surprise","Swift Trail Junction","Tanque Verde","Taylor","Tempe","Tempe Junction","Thatcher","Three Points","Tolleson","Tombstone","Tonto Basin","Tortolita","Tsaile","Tuba City","Tubac","Tucson","Tucson Estates","Vail","Valencia West","Valle Vista","Verde Village","Village of Oak Creek (Big Park)","Wellton","West Sedona","Whetstone","White Mountain Lake","Whiteriver","Wickenburg","Willcox","Williams","Williamson","Willow Valley","Window Rock","Winslow","Yavapai County","Youngtown","Yuma","Yuma County"]