["Abasolo","Agua Nueva","Albia","Alejo González (Bilbao)","Arteaga","Boquilla de las Perlas","Candela","Castaños","Chula Vista","Ciudad Acuña","Ciudad Melchor Múzquiz","Cloete","Colonia Diana Laura Riojas de Colosio","Colonia Venustiano Carranza","Compuertas","Concordia","Coyote","Cuatro Ciénegas de Carranza","Ejido Venustiano Carranza","El Cambio","El Consuelo","El Cuije","El Lequeitio","El Nilo","El Perú","El Porvenir (El Porvenir de Arriba)","El Retiro","Escuadrón Doscientos Uno","Fraccionamiento la Noria","Frontera","General Cepeda","Gilita","Granada","Guerrero","Hércules","Hidalgo","Hormiguero","Huachichil","Huitrón","Jaboncillo","Jiménez","La Concha","La Cruz","La Esmeralda","La Esperanza","La Fe","La Florida","La Luz","La Palma","La Partida","La Paz","La Perla","La Pinta","Laguna del Rey (Químicas del Rey)","Lamadrid","Las Mieleras","Los Álamos","Luchanas","Maravillas","Matamoros","Mayran","Minas de Barroterán","Monclova","Nadadores","Nava","Nueva Rosita","Nuevo León","Ocampo","Ocho de Enero","Palau","Paredón","Parras de la Fuente","Piedras Negras","Primero de Mayo","Progreso","Purísima","Ramos Arizpe","Rancho Alegre","Río Bravo","Sabinas","Sacramento","Saltillo","San Antonio de las Alazanas","San Antonio del Coyote","San Buenaventura","San Carlos","San Esteban de Abajo","San Francisco de Arriba","San Ignacio","San José de Aura","San Juan de la Vaquería","San Juan de Sabinas","San Lorenzo","San Marcos","San Miguel","Santa Ana del Pilar","Santa Fé","Santo Niño Aguanaval","Seis de Octubre (Santo Niño)","Sierra Mojada","Solima","Tacubaya","Torreón","Veinte de Noviembre","Veinte de Noviembre (Santa Lucía)","Ventana","Viesca","Villa Las Esperanzas","Villa Union","Virginias","Zaragoza"]