[
  {
    "id": 655,
    "name": "Alto Río Senguer",
    "state_id": 3651,
    "state_code": "U",
    "country_id": 11,
    "country_code": "AR",
    "latitude": "-45.04105000",
    "longitude": "-70.81982000",
    "native": null,
    "timezone": "America/Argentina/Buenos_Aires",
    "translations": {}
  },
  {
    "id": 715,
    "name": "Camarones",
    "state_id": 3651,
    "state_code": "U",
    "country_id": 11,
    "country_code": "AR",
    "latitude": "-44.79709000",
    "longitude": "-65.70994000",
    "native": null,
    "timezone": "America/Argentina/Buenos_Aires",
    "translations": {}
  },
  {
    "id": 787,
    "name": "Comodoro Rivadavia",
    "state_id": 3651,
    "state_code": "U",
    "country_id": 11,
    "country_code": "AR",
    "latitude": "-45.86413000",
    "longitude": "-67.49656000",
    "native": null,
    "timezone": "America/Argentina/Buenos_Aires",
    "translations": {}
  },
  {
    "id": 839,
    "name": "Departamento de Biedma",
    "state_id": 3651,
    "state_code": "U",
    "country_id": 11,
    "country_code": "AR",
    "latitude": "-42.41667000",
    "longitude": "-65.00000000",
    "native": null,
    "timezone": "America/Argentina/Buenos_Aires",
    "translations": {}
  },
  {
    "id": 873,
    "name": "Departamento de Cushamen",
    "state_id": 3651,
    "state_code": "U",
    "country_id": 11,
    "country_code": "AR",
    "latitude": "-42.50000000",
    "longitude": "-70.83333000",
    "native": null,
    "timezone": "America/Argentina/Buenos_Aires",
    "translations": {}
  },
  {
    "id": 880,
    "name": "Departamento de Escalante",
    "state_id": 3651,
    "state_code": "U",
    "country_id": 11,
    "country_code": "AR",
    "latitude": "-45.33333000",
    "longitude": "-67.33333000",
    "native": null,
    "timezone": "America/Argentina/Buenos_Aires",
    "translations": {}
  },
  {
    "id": 883,
    "name": "Departamento de Florentino Ameghino",
    "state_id": 3651,
    "state_code": "U",
    "country_id": 11,
    "country_code": "AR",
    "latitude": "-44.41667000",
    "longitude": "-66.16667000",
    "native": null,
    "timezone": "America/Argentina/Buenos_Aires",
    "translations": {}
  },
  {
    "id": 885,
    "name": "Departamento de Futaleufú",
    "state_id": 3651,
    "state_code": "U",
    "country_id": 11,
    "country_code": "AR",
    "latitude": "-43.08333000",
    "longitude": "-71.41667000",
    "native": null,
    "timezone": "America/Argentina/Buenos_Aires",
    "translations": {}
  },
  {
    "id": 886,
    "name": "Departamento de Gaimán",
    "state_id": 3651,
    "state_code": "U",
    "country_id": 11,
    "country_code": "AR",
    "latitude": "-43.33333000",
    "longitude": "-66.33333000",
    "native": null,
    "timezone": "America/Argentina/Buenos_Aires",
    "translations": {}
  },
  {
    "id": 887,
    "name": "Departamento de Gastre",
    "state_id": 3651,
    "state_code": "U",
    "country_id": 11,
    "country_code": "AR",
    "latitude": "-42.83333000",
    "longitude": "-68.66667000",
    "native": null,
    "timezone": "America/Argentina/Buenos_Aires",
    "translations": {}
  },
  {
    "id": 923,
    "name": "Departamento de Languiñeo",
    "state_id": 3651,
    "state_code": "U",
    "country_id": 11,
    "country_code": "AR",
    "latitude": "-43.33333000",
    "longitude": "-70.66667000",
    "native": null,
    "timezone": "America/Argentina/Buenos_Aires",
    "translations": {}
  },
  {
    "id": 949,
    "name": "Departamento de Mártires",
    "state_id": 3651,
    "state_code": "U",
    "country_id": 11,
    "country_code": "AR",
    "latitude": "-43.83333000",
    "longitude": "-67.16667000",
    "native": null,
    "timezone": "America/Argentina/Buenos_Aires",
    "translations": {}
  },
  {
    "id": 956,
    "name": "Departamento de Paso de Indios",
    "state_id": 3651,
    "state_code": "U",
    "country_id": 11,
    "country_code": "AR",
    "latitude": "-44.00000000",
    "longitude": "-68.83333000",
    "native": null,
    "timezone": "America/Argentina/Buenos_Aires",
    "translations": {}
  },
  {
    "id": 963,
    "name": "Departamento de Rawson",
    "state_id": 3651,
    "state_code": "U",
    "country_id": 11,
    "country_code": "AR",
    "latitude": "-43.12342000",
    "longitude": "-65.10179000",
    "native": null,
    "timezone": "America/Argentina/Buenos_Aires",
    "translations": {}
  },
  {
    "id": 979,
    "name": "Departamento de Río Senguerr",
    "state_id": 3651,
    "state_code": "U",
    "country_id": 11,
    "country_code": "AR",
    "latitude": "-45.33333000",
    "longitude": "-70.83333000",
    "native": null,
    "timezone": "America/Argentina/Buenos_Aires",
    "translations": {}
  },
  {
    "id": 1012,
    "name": "Departamento de Sarmiento",
    "state_id": 3651,
    "state_code": "U",
    "country_id": 11,
    "country_code": "AR",
    "latitude": "-45.33333000",
    "longitude": "-69.00000000",
    "native": null,
    "timezone": "America/Argentina/Buenos_Aires",
    "translations": {}
  },
  {
    "id": 1018,
    "name": "Departamento de Tehuelches",
    "state_id": 3651,
    "state_code": "U",
    "country_id": 11,
    "country_code": "AR",
    "latitude": "-44.22132000",
    "longitude": "-70.25260000",
    "native": null,
    "timezone": "America/Argentina/Buenos_Aires",
    "translations": {}
  },
  {
    "id": 1019,
    "name": "Departamento de Telsen",
    "state_id": 3651,
    "state_code": "U",
    "country_id": 11,
    "country_code": "AR",
    "latitude": "-42.41667000",
    "longitude": "-67.16667000",
    "native": null,
    "timezone": "America/Argentina/Buenos_Aires",
    "translations": {}
  },
  {
    "id": 1042,
    "name": "Dolavón",
    "state_id": 3651,
    "state_code": "U",
    "country_id": 11,
    "country_code": "AR",
    "latitude": "-43.30684000",
    "longitude": "-65.70651000",
    "native": null,
    "timezone": "America/Argentina/Buenos_Aires",
    "translations": {}
  },
  {
    "id": 1058,
    "name": "El Maitén",
    "state_id": 3651,
    "state_code": "U",
    "country_id": 11,
    "country_code": "AR",
    "latitude": "-42.04924000",
    "longitude": "-71.16693000",
    "native": null,
    "timezone": "America/Argentina/Buenos_Aires",
    "translations": {}
  },
  {
    "id": 1070,
    "name": "Esquel",
    "state_id": 3651,
    "state_code": "U",
    "country_id": 11,
    "country_code": "AR",
    "latitude": "-42.91147000",
    "longitude": "-71.31947000",
    "native": null,
    "timezone": "America/Argentina/Buenos_Aires",
    "translations": {}
  },
  {
    "id": 1087,
    "name": "Gaimán",
    "state_id": 3651,
    "state_code": "U",
    "country_id": 11,
    "country_code": "AR",
    "latitude": "-43.28970000",
    "longitude": "-65.49290000",
    "native": null,
    "timezone": "America/Argentina/Buenos_Aires",
    "translations": {}
  },
  {
    "id": 1092,
    "name": "Gastre",
    "state_id": 3651,
    "state_code": "U",
    "country_id": 11,
    "country_code": "AR",
    "latitude": "-42.26186000",
    "longitude": "-69.22112000",
    "native": null,
    "timezone": "America/Argentina/Buenos_Aires",
    "translations": {}
  },
  {
    "id": 1115,
    "name": "Gobernador Costa",
    "state_id": 3651,
    "state_code": "U",
    "country_id": 11,
    "country_code": "AR",
    "latitude": "-44.04992000",
    "longitude": "-70.59798000",
    "native": null,
    "timezone": "America/Argentina/Buenos_Aires",
    "translations": {}
  },
  {
    "id": 1141,
    "name": "Hoyo de Epuyén",
    "state_id": 3651,
    "state_code": "U",
    "country_id": 11,
    "country_code": "AR",
    "latitude": "-42.07189000",
    "longitude": "-71.50811000",
    "native": null,
    "timezone": "America/Argentina/Buenos_Aires",
    "translations": {}
  },
  {
    "id": 1169,
    "name": "José de San Martín",
    "state_id": 3651,
    "state_code": "U",
    "country_id": 11,
    "country_code": "AR",
    "latitude": "-44.05032000",
    "longitude": "-70.46967000",
    "native": null,
    "timezone": "America/Argentina/Buenos_Aires",
    "translations": {}
  },
  {
    "id": 1206,
    "name": "Lago Puelo",
    "state_id": 3651,
    "state_code": "U",
    "country_id": 11,
    "country_code": "AR",
    "latitude": "-42.06684000",
    "longitude": "-71.60384000",
    "native": null,
    "timezone": "America/Argentina/Buenos_Aires",
    "translations": {}
  },
  {
    "id": 1229,
    "name": "Las Plumas",
    "state_id": 3651,
    "state_code": "U",
    "country_id": 11,
    "country_code": "AR",
    "latitude": "-43.72058000",
    "longitude": "-67.28319000",
    "native": null,
    "timezone": "America/Argentina/Buenos_Aires",
    "translations": {}
  },
  {
    "id": 1359,
    "name": "Puerto Madryn",
    "state_id": 3651,
    "state_code": "U",
    "country_id": 11,
    "country_code": "AR",
    "latitude": "-42.76920000",
    "longitude": "-65.03851000",
    "native": null,
    "timezone": "America/Argentina/Buenos_Aires",
    "translations": {}
  },
  {
    "id": 1371,
    "name": "Rada Tilly",
    "state_id": 3651,
    "state_code": "U",
    "country_id": 11,
    "country_code": "AR",
    "latitude": "-45.92462000",
    "longitude": "-67.55424000",
    "native": null,
    "timezone": "America/Argentina/Buenos_Aires",
    "translations": {}
  },
  {
    "id": 1374,
    "name": "Rawson",
    "state_id": 3651,
    "state_code": "U",
    "country_id": 11,
    "country_code": "AR",
    "latitude": "-43.30016000",
    "longitude": "-65.10228000",
    "native": null,
    "timezone": "America/Argentina/Buenos_Aires",
    "translations": {}
  },
  {
    "id": 1393,
    "name": "Río Mayo",
    "state_id": 3651,
    "state_code": "U",
    "country_id": 11,
    "country_code": "AR",
    "latitude": "-45.68573000",
    "longitude": "-70.25797000",
    "native": null,
    "timezone": "America/Argentina/Buenos_Aires",
    "translations": {}
  },
  {
    "id": 1394,
    "name": "Río Pico",
    "state_id": 3651,
    "state_code": "U",
    "country_id": 11,
    "country_code": "AR",
    "latitude": "-44.17905000",
    "longitude": "-71.36847000",
    "native": null,
    "timezone": "America/Argentina/Buenos_Aires",
    "translations": {}
  },
  {
    "id": 1477,
    "name": "Sarmiento",
    "state_id": 3651,
    "state_code": "U",
    "country_id": 11,
    "country_code": "AR",
    "latitude": "-45.58815000",
    "longitude": "-69.06996000",
    "native": null,
    "timezone": "America/Argentina/Buenos_Aires",
    "translations": {}
  },
  {
    "id": 1499,
    "name": "Tecka",
    "state_id": 3651,
    "state_code": "U",
    "country_id": 11,
    "country_code": "AR",
    "latitude": "-43.49489000",
    "longitude": "-70.81020000",
    "native": null,
    "timezone": "America/Argentina/Buenos_Aires",
    "translations": {}
  },
  {
    "id": 1512,
    "name": "Trelew",
    "state_id": 3651,
    "state_code": "U",
    "country_id": 11,
    "country_code": "AR",
    "latitude": "-43.24895000",
    "longitude": "-65.30505000",
    "native": null,
    "timezone": "America/Argentina/Buenos_Aires",
    "translations": {}
  },
  {
    "id": 1516,
    "name": "Trevelin",
    "state_id": 3651,
    "state_code": "U",
    "country_id": 11,
    "country_code": "AR",
    "latitude": "-43.08580000",
    "longitude": "-71.46386000",
    "native": null,
    "timezone": "America/Argentina/Buenos_Aires",
    "translations": {}
  }
]