[
  {
    "id": 154311,
    "name": "Adolfo Alsina",
    "state_id": 3656,
    "state_code": "B",
    "country_id": 11,
    "country_code": "AR",
    "latitude": "-37.16054780",
    "longitude": "-64.22506020",
    "native": null,
    "timezone": "America/Argentina/Buenos_Aires",
    "translations": {}
  },
  {
    "id": 154312,
    "name": "Adolfo Gonzáles Chaves",
    "state_id": 3656,
    "state_code": "B",
    "country_id": 11,
    "country_code": "AR",
    "latitude": "-37.93801600",
    "longitude": "-60.90296530",
    "native": null,
    "timezone": "America/Argentina/Buenos_Aires",
    "translations": {}
  },
  {
    "id": 154313,
    "name": "Alberti",
    "state_id": 3656,
    "state_code": "B",
    "country_id": 11,
    "country_code": "AR",
    "latitude": "-35.02768320",
    "longitude": "-60.58411980",
    "native": null,
    "timezone": "America/Argentina/Buenos_Aires",
    "translations": {}
  },
  {
    "id": 154314,
    "name": "Almirante Brown",
    "state_id": 3656,
    "state_code": "B",
    "country_id": 11,
    "country_code": "AR",
    "latitude": "-34.83197240",
    "longitude": "-58.45251410",
    "native": null,
    "timezone": "America/Argentina/Buenos_Aires",
    "translations": {}
  },
  {
    "id": 154315,
    "name": "Arrecifes",
    "state_id": 3656,
    "state_code": "B",
    "country_id": 11,
    "country_code": "AR",
    "latitude": "-34.00603330",
    "longitude": "-60.33782350",
    "native": null,
    "timezone": "America/Argentina/Buenos_Aires",
    "translations": {}
  },
  {
    "id": 154316,
    "name": "Avellaneda",
    "state_id": 3656,
    "state_code": "B",
    "country_id": 11,
    "country_code": "AR",
    "latitude": "-34.66134140",
    "longitude": "-58.38802660",
    "native": null,
    "timezone": "America/Argentina/Buenos_Aires",
    "translations": {}
  },
  {
    "id": 154317,
    "name": "Ayacucho",
    "state_id": 3656,
    "state_code": "B",
    "country_id": 11,
    "country_code": "AR",
    "latitude": "-36.97372280",
    "longitude": "-59.08902220",
    "native": null,
    "timezone": "America/Argentina/Buenos_Aires",
    "translations": {}
  },
  {
    "id": 154318,
    "name": "Azul",
    "state_id": 3656,
    "state_code": "B",
    "country_id": 11,
    "country_code": "AR",
    "latitude": "-36.82779090",
    "longitude": "-60.99253580",
    "native": null,
    "timezone": "America/Argentina/Buenos_Aires",
    "translations": {}
  },
  {
    "id": 154319,
    "name": "Bahía Blanca",
    "state_id": 3656,
    "state_code": "B",
    "country_id": 11,
    "country_code": "AR",
    "latitude": "-38.58796980",
    "longitude": "-62.50794130",
    "native": null,
    "timezone": "America/Argentina/Buenos_Aires",
    "translations": {}
  },
  {
    "id": 154320,
    "name": "Balcarce",
    "state_id": 3656,
    "state_code": "B",
    "country_id": 11,
    "country_code": "AR",
    "latitude": "-37.75449560",
    "longitude": "-58.93081520",
    "native": null,
    "timezone": "America/Argentina/Buenos_Aires",
    "translations": {}
  },
  {
    "id": 154321,
    "name": "Baradero",
    "state_id": 3656,
    "state_code": "B",
    "country_id": 11,
    "country_code": "AR",
    "latitude": "-33.90652010",
    "longitude": "-59.81822290",
    "native": null,
    "timezone": "America/Argentina/Buenos_Aires",
    "translations": {}
  },
  {
    "id": 154322,
    "name": "Benito Juárez",
    "state_id": 3656,
    "state_code": "B",
    "country_id": 11,
    "country_code": "AR",
    "latitude": "-37.58593960",
    "longitude": "-60.52379500",
    "native": null,
    "timezone": "America/Argentina/Buenos_Aires",
    "translations": {}
  },
  {
    "id": 154323,
    "name": "Berazategui",
    "state_id": 3656,
    "state_code": "B",
    "country_id": 11,
    "country_code": "AR",
    "latitude": "-34.84334610",
    "longitude": "-58.30738810",
    "native": null,
    "timezone": "America/Argentina/Buenos_Aires",
    "translations": {}
  },
  {
    "id": 154324,
    "name": "Berisso",
    "state_id": 3656,
    "state_code": "B",
    "country_id": 11,
    "country_code": "AR",
    "latitude": "-34.89821320",
    "longitude": "-57.90243650",
    "native": null,
    "timezone": "America/Argentina/Buenos_Aires",
    "translations": {}
  },
  {
    "id": 154325,
    "name": "Bolívar",
    "state_id": 3656,
    "state_code": "B",
    "country_id": 11,
    "country_code": "AR",
    "latitude": "-36.28911980",
    "longitude": "-61.78736580",
    "native": null,
    "timezone": "America/Argentina/Buenos_Aires",
    "translations": {}
  },
  {
    "id": 154326,
    "name": "Bragado",
    "state_id": 3656,
    "state_code": "B",
    "country_id": 11,
    "country_code": "AR",
    "latitude": "-35.02574040",
    "longitude": "-61.25370530",
    "native": null,
    "timezone": "America/Argentina/Buenos_Aires",
    "translations": {}
  },
  {
    "id": 154327,
    "name": "Brandsen",
    "state_id": 3656,
    "state_code": "B",
    "country_id": 11,
    "country_code": "AR",
    "latitude": "-35.19510090",
    "longitude": "-58.49818770",
    "native": null,
    "timezone": "America/Argentina/Buenos_Aires",
    "translations": {}
  },
  {
    "id": 154328,
    "name": "Campana",
    "state_id": 3656,
    "state_code": "B",
    "country_id": 11,
    "country_code": "AR",
    "latitude": "-34.16079930",
    "longitude": "-59.22022530",
    "native": null,
    "timezone": "America/Argentina/Buenos_Aires",
    "translations": {}
  },
  {
    "id": 154329,
    "name": "Cañuelas",
    "state_id": 3656,
    "state_code": "B",
    "country_id": 11,
    "country_code": "AR",
    "latitude": "-35.15525400",
    "longitude": "-59.03069800",
    "native": null,
    "timezone": "America/Argentina/Buenos_Aires",
    "translations": {}
  },
  {
    "id": 154330,
    "name": "Capitán Sarmiento",
    "state_id": 3656,
    "state_code": "B",
    "country_id": 11,
    "country_code": "AR",
    "latitude": "-34.14170660",
    "longitude": "-60.02221190",
    "native": null,
    "timezone": "America/Argentina/Buenos_Aires",
    "translations": {}
  },
  {
    "id": 154331,
    "name": "Carlos Casares",
    "state_id": 3656,
    "state_code": "B",
    "country_id": 11,
    "country_code": "AR",
    "latitude": "-35.72219790",
    "longitude": "-62.03779560",
    "native": null,
    "timezone": "America/Argentina/Buenos_Aires",
    "translations": {}
  },
  {
    "id": 154332,
    "name": "Carlos Tejedor",
    "state_id": 3656,
    "state_code": "B",
    "country_id": 11,
    "country_code": "AR",
    "latitude": "-35.39445380",
    "longitude": "-63.06241220",
    "native": null,
    "timezone": "America/Argentina/Buenos_Aires",
    "translations": {}
  },
  {
    "id": 154333,
    "name": "Carmen de Areco",
    "state_id": 3656,
    "state_code": "B",
    "country_id": 11,
    "country_code": "AR",
    "latitude": "-34.41836420",
    "longitude": "-60.23786820",
    "native": null,
    "timezone": "America/Argentina/Buenos_Aires",
    "translations": {}
  },
  {
    "id": 154334,
    "name": "Castelli",
    "state_id": 3656,
    "state_code": "B",
    "country_id": 11,
    "country_code": "AR",
    "latitude": "-36.01838980",
    "longitude": "-57.98088650",
    "native": null,
    "timezone": "America/Argentina/Buenos_Aires",
    "translations": {}
  },
  {
    "id": 154335,
    "name": "Chacabuco",
    "state_id": 3656,
    "state_code": "B",
    "country_id": 11,
    "country_code": "AR",
    "latitude": "-34.63340080",
    "longitude": "-60.65114680",
    "native": null,
    "timezone": "America/Argentina/Buenos_Aires",
    "translations": {}
  },
  {
    "id": 154336,
    "name": "Chascomús",
    "state_id": 3656,
    "state_code": "B",
    "country_id": 11,
    "country_code": "AR",
    "latitude": "-35.59543280",
    "longitude": "-58.56002660",
    "native": null,
    "timezone": "America/Argentina/Buenos_Aires",
    "translations": {}
  },
  {
    "id": 154337,
    "name": "Chivilcoy",
    "state_id": 3656,
    "state_code": "B",
    "country_id": 11,
    "country_code": "AR",
    "latitude": "-34.90790700",
    "longitude": "-60.28432600",
    "native": null,
    "timezone": "America/Argentina/Buenos_Aires",
    "translations": {}
  },
  {
    "id": 154338,
    "name": "Colón",
    "state_id": 3656,
    "state_code": "B",
    "country_id": 11,
    "country_code": "AR",
    "latitude": "-33.85225870",
    "longitude": "-61.40124400",
    "native": null,
    "timezone": "America/Argentina/Buenos_Aires",
    "translations": {}
  },
  {
    "id": 154339,
    "name": "Coronel Dorrego",
    "state_id": 3656,
    "state_code": "B",
    "country_id": 11,
    "country_code": "AR",
    "latitude": "-38.64031010",
    "longitude": "-61.77287250",
    "native": null,
    "timezone": "America/Argentina/Buenos_Aires",
    "translations": {}
  },
  {
    "id": 154340,
    "name": "Coronel Pringles",
    "state_id": 3656,
    "state_code": "B",
    "country_id": 11,
    "country_code": "AR",
    "latitude": "-38.16604130",
    "longitude": "-61.89518000",
    "native": null,
    "timezone": "America/Argentina/Buenos_Aires",
    "translations": {}
  },
  {
    "id": 154341,
    "name": "Coronel Rosales",
    "state_id": 3656,
    "state_code": "B",
    "country_id": 11,
    "country_code": "AR",
    "latitude": "-38.81492060",
    "longitude": "-62.14727610",
    "native": null,
    "timezone": "America/Argentina/Buenos_Aires",
    "translations": {}
  },
  {
    "id": 154342,
    "name": "Coronel Suárez",
    "state_id": 3656,
    "state_code": "B",
    "country_id": 11,
    "country_code": "AR",
    "latitude": "-37.53029820",
    "longitude": "-63.25323390",
    "native": null,
    "timezone": "America/Argentina/Buenos_Aires",
    "translations": {}
  },
  {
    "id": 154343,
    "name": "Daireaux",
    "state_id": 3656,
    "state_code": "B",
    "country_id": 11,
    "country_code": "AR",
    "latitude": "-36.61930860",
    "longitude": "-62.52352980",
    "native": null,
    "timezone": "America/Argentina/Buenos_Aires",
    "translations": {}
  },
  {
    "id": 154344,
    "name": "Dolores",
    "state_id": 3656,
    "state_code": "B",
    "country_id": 11,
    "country_code": "AR",
    "latitude": "-36.41467360",
    "longitude": "-58.32462490",
    "native": null,
    "timezone": "America/Argentina/Buenos_Aires",
    "translations": {}
  },
  {
    "id": 154345,
    "name": "Ensenada",
    "state_id": 3656,
    "state_code": "B",
    "country_id": 11,
    "country_code": "AR",
    "latitude": "-34.84156190",
    "longitude": "-58.06269460",
    "native": null,
    "timezone": "America/Argentina/Buenos_Aires",
    "translations": {}
  },
  {
    "id": 154346,
    "name": "Escobar",
    "state_id": 3656,
    "state_code": "B",
    "country_id": 11,
    "country_code": "AR",
    "latitude": "-34.34251230",
    "longitude": "-58.93997620",
    "native": null,
    "timezone": "America/Argentina/Buenos_Aires",
    "translations": {}
  },
  {
    "id": 154347,
    "name": "Esteban Echeverríar",
    "state_id": 3656,
    "state_code": "B",
    "country_id": 11,
    "country_code": "AR",
    "latitude": "-34.82406180",
    "longitude": "-58.63358570",
    "native": null,
    "timezone": "America/Argentina/Buenos_Aires",
    "translations": {}
  },
  {
    "id": 154348,
    "name": "Exaltación de la Cruz",
    "state_id": 3656,
    "state_code": "B",
    "country_id": 11,
    "country_code": "AR",
    "latitude": "-34.31228650",
    "longitude": "-59.31295630",
    "native": null,
    "timezone": "America/Argentina/Buenos_Aires",
    "translations": {}
  },
  {
    "id": 154349,
    "name": "Ezeiza",
    "state_id": 3656,
    "state_code": "B",
    "country_id": 11,
    "country_code": "AR",
    "latitude": "-34.87357520",
    "longitude": "-58.73505670",
    "native": null,
    "timezone": "America/Argentina/Buenos_Aires",
    "translations": {}
  },
  {
    "id": 154350,
    "name": "Florencio Varela",
    "state_id": 3656,
    "state_code": "B",
    "country_id": 11,
    "country_code": "AR",
    "latitude": "-34.88873210",
    "longitude": "-58.42115210",
    "native": null,
    "timezone": "America/Argentina/Buenos_Aires",
    "translations": {}
  },
  {
    "id": 154351,
    "name": "Florentino Ameghino",
    "state_id": 3656,
    "state_code": "B",
    "country_id": 11,
    "country_code": "AR",
    "latitude": "-34.88624610",
    "longitude": "-62.70302560",
    "native": null,
    "timezone": "America/Argentina/Buenos_Aires",
    "translations": {}
  },
  {
    "id": 154352,
    "name": "General Alvarado",
    "state_id": 3656,
    "state_code": "B",
    "country_id": 11,
    "country_code": "AR",
    "latitude": "-38.19975330",
    "longitude": "-58.38977980",
    "native": null,
    "timezone": "America/Argentina/Buenos_Aires",
    "translations": {}
  },
  {
    "id": 154353,
    "name": "General Alvear",
    "state_id": 3656,
    "state_code": "B",
    "country_id": 11,
    "country_code": "AR",
    "latitude": "-36.03836820",
    "longitude": "-60.76716020",
    "native": null,
    "timezone": "America/Argentina/Buenos_Aires",
    "translations": {}
  },
  {
    "id": 154354,
    "name": "General Arenales",
    "state_id": 3656,
    "state_code": "B",
    "country_id": 11,
    "country_code": "AR",
    "latitude": "-34.23810350",
    "longitude": "-61.61258250",
    "native": null,
    "timezone": "America/Argentina/Buenos_Aires",
    "translations": {}
  },
  {
    "id": 154355,
    "name": "General Belgrano",
    "state_id": 3656,
    "state_code": "B",
    "country_id": 11,
    "country_code": "AR",
    "latitude": "-35.84190100",
    "longitude": "-59.04535800",
    "native": null,
    "timezone": "America/Argentina/Buenos_Aires",
    "translations": {}
  },
  {
    "id": 154356,
    "name": "General Guido",
    "state_id": 3656,
    "state_code": "B",
    "country_id": 11,
    "country_code": "AR",
    "latitude": "-36.67376360",
    "longitude": "-58.63303620",
    "native": null,
    "timezone": "America/Argentina/Buenos_Aires",
    "translations": {}
  },
  {
    "id": 154357,
    "name": "General La Madrid",
    "state_id": 3656,
    "state_code": "B",
    "country_id": 11,
    "country_code": "AR",
    "latitude": "-37.39889560",
    "longitude": "-61.97377640",
    "native": null,
    "timezone": "America/Argentina/Buenos_Aires",
    "translations": {}
  },
  {
    "id": 154358,
    "name": "General Las Heras",
    "state_id": 3656,
    "state_code": "B",
    "country_id": 11,
    "country_code": "AR",
    "latitude": "-34.90931560",
    "longitude": "-59.32777060",
    "native": null,
    "timezone": "America/Argentina/Buenos_Aires",
    "translations": {}
  },
  {
    "id": 154359,
    "name": "General Lavalle",
    "state_id": 3656,
    "state_code": "B",
    "country_id": 11,
    "country_code": "AR",
    "latitude": "-36.67005230",
    "longitude": "-57.67282310",
    "native": null,
    "timezone": "America/Argentina/Buenos_Aires",
    "translations": {}
  },
  {
    "id": 154360,
    "name": "General Madariaga",
    "state_id": 3656,
    "state_code": "B",
    "country_id": 11,
    "country_code": "AR",
    "latitude": "-37.15579700",
    "longitude": "-57.90662040",
    "native": null,
    "timezone": "America/Argentina/Buenos_Aires",
    "translations": {}
  },
  {
    "id": 154361,
    "name": "General Paz",
    "state_id": 3656,
    "state_code": "B",
    "country_id": 11,
    "country_code": "AR",
    "latitude": "-35.47363710",
    "longitude": "-58.69690130",
    "native": null,
    "timezone": "America/Argentina/Buenos_Aires",
    "translations": {}
  },
  {
    "id": 154362,
    "name": "General Pinto",
    "state_id": 3656,
    "state_code": "B",
    "country_id": 11,
    "country_code": "AR",
    "latitude": "-34.68311120",
    "longitude": "-62.34048360",
    "native": null,
    "timezone": "America/Argentina/Buenos_Aires",
    "translations": {}
  },
  {
    "id": 154363,
    "name": "General Pueyrredón",
    "state_id": 3656,
    "state_code": "B",
    "country_id": 11,
    "country_code": "AR",
    "latitude": "-37.97153260",
    "longitude": "-58.11219280",
    "native": null,
    "timezone": "America/Argentina/Buenos_Aires",
    "translations": {}
  },
  {
    "id": 154364,
    "name": "General Rodríguez",
    "state_id": 3656,
    "state_code": "B",
    "country_id": 11,
    "country_code": "AR",
    "latitude": "-34.63970400",
    "longitude": "-59.16470220",
    "native": null,
    "timezone": "America/Argentina/Buenos_Aires",
    "translations": {}
  },
  {
    "id": 154365,
    "name": "General San Martín",
    "state_id": 3656,
    "state_code": "B",
    "country_id": 11,
    "country_code": "AR",
    "latitude": "-34.54379540",
    "longitude": "-58.64700250",
    "native": null,
    "timezone": "America/Argentina/Buenos_Aires",
    "translations": {}
  },
  {
    "id": 154366,
    "name": "General Viamonte",
    "state_id": 3656,
    "state_code": "B",
    "country_id": 11,
    "country_code": "AR",
    "latitude": "-34.97753020",
    "longitude": "-61.40151400",
    "native": null,
    "timezone": "America/Argentina/Buenos_Aires",
    "translations": {}
  },
  {
    "id": 154367,
    "name": "General Villegas",
    "state_id": 3656,
    "state_code": "B",
    "country_id": 11,
    "country_code": "AR",
    "latitude": "-34.87360000",
    "longitude": "-63.48656420",
    "native": null,
    "timezone": "America/Argentina/Buenos_Aires",
    "translations": {}
  },
  {
    "id": 154368,
    "name": "Guaminí",
    "state_id": 3656,
    "state_code": "B",
    "country_id": 11,
    "country_code": "AR",
    "latitude": "-36.89982740",
    "longitude": "-63.07273400",
    "native": null,
    "timezone": "America/Argentina/Buenos_Aires",
    "translations": {}
  },
  {
    "id": 154369,
    "name": "Hipólito Yrigoyen",
    "state_id": 3656,
    "state_code": "B",
    "country_id": 11,
    "country_code": "AR",
    "latitude": "-36.27101580",
    "longitude": "-61.98866530",
    "native": null,
    "timezone": "America/Argentina/Buenos_Aires",
    "translations": {}
  },
  {
    "id": 154370,
    "name": "Hurlingham",
    "state_id": 3656,
    "state_code": "B",
    "country_id": 11,
    "country_code": "AR",
    "latitude": "-34.59796270",
    "longitude": "-58.69618060",
    "native": null,
    "timezone": "America/Argentina/Buenos_Aires",
    "translations": {}
  },
  {
    "id": 154371,
    "name": "Ituzaingó",
    "state_id": 3656,
    "state_code": "B",
    "country_id": 11,
    "country_code": "AR",
    "latitude": "-34.63969570",
    "longitude": "-58.77365750",
    "native": null,
    "timezone": "America/Argentina/Buenos_Aires",
    "translations": {}
  },
  {
    "id": 154372,
    "name": "José C. Paz",
    "state_id": 3656,
    "state_code": "B",
    "country_id": 11,
    "country_code": "AR",
    "latitude": "-34.50433760",
    "longitude": "-58.85464360",
    "native": null,
    "timezone": "America/Argentina/Buenos_Aires",
    "translations": {}
  },
  {
    "id": 154373,
    "name": "Junín",
    "state_id": 3656,
    "state_code": "B",
    "country_id": 11,
    "country_code": "AR",
    "latitude": "-34.54605770",
    "longitude": "-61.33077050",
    "native": null,
    "timezone": "America/Argentina/Buenos_Aires",
    "translations": {}
  },
  {
    "id": 154374,
    "name": "La Costa",
    "state_id": 3656,
    "state_code": "B",
    "country_id": 11,
    "country_code": "AR",
    "latitude": "-36.66068710",
    "longitude": "-57.40162530",
    "native": null,
    "timezone": "America/Argentina/Buenos_Aires",
    "translations": {}
  },
  {
    "id": 154375,
    "name": "La Matanza",
    "state_id": 3656,
    "state_code": "B",
    "country_id": 11,
    "country_code": "AR",
    "latitude": "-34.77307590",
    "longitude": "-58.78266180",
    "native": null,
    "timezone": "America/Argentina/Buenos_Aires",
    "translations": {}
  },
  {
    "id": 154376,
    "name": "La Plata",
    "state_id": 3656,
    "state_code": "B",
    "country_id": 11,
    "country_code": "AR",
    "latitude": "-34.70297680",
    "longitude": "-58.67985840",
    "native": null,
    "timezone": "America/Argentina/Buenos_Aires",
    "translations": {}
  },
  {
    "id": 154377,
    "name": "Lanús",
    "state_id": 3656,
    "state_code": "B",
    "country_id": 11,
    "country_code": "AR",
    "latitude": "-34.70198040",
    "longitude": "-58.47261230",
    "native": null,
    "timezone": "America/Argentina/Buenos_Aires",
    "translations": {}
  },
  {
    "id": 154378,
    "name": "Laprida",
    "state_id": 3656,
    "state_code": "B",
    "country_id": 11,
    "country_code": "AR",
    "latitude": "-37.49309250",
    "longitude": "-61.42308300",
    "native": null,
    "timezone": "America/Argentina/Buenos_Aires",
    "translations": {}
  },
  {
    "id": 154379,
    "name": "Las Flores",
    "state_id": 3656,
    "state_code": "B",
    "country_id": 11,
    "country_code": "AR",
    "latitude": "-36.01628740",
    "longitude": "-59.86327060",
    "native": null,
    "timezone": "America/Argentina/Buenos_Aires",
    "translations": {}
  },
  {
    "id": 154380,
    "name": "Leandro N. Alem",
    "state_id": 3656,
    "state_code": "B",
    "country_id": 11,
    "country_code": "AR",
    "latitude": "-34.49251120",
    "longitude": "-61.95923550",
    "native": null,
    "timezone": "America/Argentina/Buenos_Aires",
    "translations": {}
  },
  {
    "id": 154381,
    "name": "Lezama",
    "state_id": 3656,
    "state_code": "B",
    "country_id": 11,
    "country_code": "AR",
    "latitude": "-35.86369450",
    "longitude": "-58.15662470",
    "native": null,
    "timezone": "America/Argentina/Buenos_Aires",
    "translations": {}
  },
  {
    "id": 154382,
    "name": "Lincoln",
    "state_id": 3656,
    "state_code": "B",
    "country_id": 11,
    "country_code": "AR",
    "latitude": "-35.08589960",
    "longitude": "-62.35863070",
    "native": null,
    "timezone": "America/Argentina/Buenos_Aires",
    "translations": {}
  },
  {
    "id": 154383,
    "name": "Lobería",
    "state_id": 3656,
    "state_code": "B",
    "country_id": 11,
    "country_code": "AR",
    "latitude": "-38.06737520",
    "longitude": "-59.36333310",
    "native": null,
    "timezone": "America/Argentina/Buenos_Aires",
    "translations": {}
  },
  {
    "id": 154384,
    "name": "Lobos",
    "state_id": 3656,
    "state_code": "B",
    "country_id": 11,
    "country_code": "AR",
    "latitude": "-35.19779080",
    "longitude": "-59.51022420",
    "native": null,
    "timezone": "America/Argentina/Buenos_Aires",
    "translations": {}
  },
  {
    "id": 154385,
    "name": "Lomas de Zamora",
    "state_id": 3656,
    "state_code": "B",
    "country_id": 11,
    "country_code": "AR",
    "latitude": "-34.75284350",
    "longitude": "-58.50112000",
    "native": null,
    "timezone": "America/Argentina/Buenos_Aires",
    "translations": {}
  },
  {
    "id": 154386,
    "name": "Luján",
    "state_id": 3656,
    "state_code": "B",
    "country_id": 11,
    "country_code": "AR",
    "latitude": "-34.58755280",
    "longitude": "-59.47602840",
    "native": null,
    "timezone": "America/Argentina/Buenos_Aires",
    "translations": {}
  },
  {
    "id": 154387,
    "name": "Magdalena",
    "state_id": 3656,
    "state_code": "B",
    "country_id": 11,
    "country_code": "AR",
    "latitude": "-35.18662720",
    "longitude": "-57.99943530",
    "native": null,
    "timezone": "America/Argentina/Buenos_Aires",
    "translations": {}
  },
  {
    "id": 154388,
    "name": "Maipú",
    "state_id": 3656,
    "state_code": "B",
    "country_id": 11,
    "country_code": "AR",
    "latitude": "-36.88401400",
    "longitude": "-58.25271870",
    "native": null,
    "timezone": "America/Argentina/Buenos_Aires",
    "translations": {}
  },
  {
    "id": 154389,
    "name": "Malvinas Argentinas",
    "state_id": 3656,
    "state_code": "B",
    "country_id": 11,
    "country_code": "AR",
    "latitude": "-34.48586020",
    "longitude": "-58.79796800",
    "native": null,
    "timezone": "America/Argentina/Buenos_Aires",
    "translations": {}
  },
  {
    "id": 154390,
    "name": "Mar Chiquita",
    "state_id": 3656,
    "state_code": "B",
    "country_id": 11,
    "country_code": "AR",
    "latitude": "-37.50980390",
    "longitude": "-58.30054500",
    "native": null,
    "timezone": "America/Argentina/Buenos_Aires",
    "translations": {}
  },
  {
    "id": 154391,
    "name": "Marcos Paz",
    "state_id": 3656,
    "state_code": "B",
    "country_id": 11,
    "country_code": "AR",
    "latitude": "-34.82080690",
    "longitude": "-59.02873170",
    "native": null,
    "timezone": "America/Argentina/Buenos_Aires",
    "translations": {}
  },
  {
    "id": 154392,
    "name": "Mercedes",
    "state_id": 3656,
    "state_code": "B",
    "country_id": 11,
    "country_code": "AR",
    "latitude": "-34.69878490",
    "longitude": "-59.77191470",
    "native": null,
    "timezone": "America/Argentina/Buenos_Aires",
    "translations": {}
  },
  {
    "id": 154393,
    "name": "Merlo",
    "state_id": 3656,
    "state_code": "B",
    "country_id": 11,
    "country_code": "AR",
    "latitude": "-34.70657840",
    "longitude": "-58.83276710",
    "native": null,
    "timezone": "America/Argentina/Buenos_Aires",
    "translations": {}
  },
  {
    "id": 154394,
    "name": "Monte",
    "state_id": 3656,
    "state_code": "B",
    "country_id": 11,
    "country_code": "AR",
    "latitude": "-35.49862290",
    "longitude": "-59.12519800",
    "native": null,
    "timezone": "America/Argentina/Buenos_Aires",
    "translations": {}
  },
  {
    "id": 154395,
    "name": "Monte Hermoso",
    "state_id": 3656,
    "state_code": "B",
    "country_id": 11,
    "country_code": "AR",
    "latitude": "-38.95737360",
    "longitude": "-61.44530580",
    "native": null,
    "timezone": "America/Argentina/Buenos_Aires",
    "translations": {}
  },
  {
    "id": 154396,
    "name": "Moreno",
    "state_id": 3656,
    "state_code": "B",
    "country_id": 11,
    "country_code": "AR",
    "latitude": "-34.59681430",
    "longitude": "-58.96697620",
    "native": null,
    "timezone": "America/Argentina/Buenos_Aires",
    "translations": {}
  },
  {
    "id": 154397,
    "name": "Morón",
    "state_id": 3656,
    "state_code": "B",
    "country_id": 11,
    "country_code": "AR",
    "latitude": "-34.64640300",
    "longitude": "-58.69414610",
    "native": null,
    "timezone": "America/Argentina/Buenos_Aires",
    "translations": {}
  },
  {
    "id": 154398,
    "name": "Navarro",
    "state_id": 3656,
    "state_code": "B",
    "country_id": 11,
    "country_code": "AR",
    "latitude": "-35.02457590",
    "longitude": "-59.77633880",
    "native": null,
    "timezone": "America/Argentina/Buenos_Aires",
    "translations": {}
  },
  {
    "id": 154399,
    "name": "Necochea",
    "state_id": 3656,
    "state_code": "B",
    "country_id": 11,
    "country_code": "AR",
    "latitude": "-38.17378930",
    "longitude": "-59.80770580",
    "native": null,
    "timezone": "America/Argentina/Buenos_Aires",
    "translations": {}
  },
  {
    "id": 154400,
    "name": "Nueve de Julio",
    "state_id": 3656,
    "state_code": "B",
    "country_id": 11,
    "country_code": "AR",
    "latitude": "-35.45690360",
    "longitude": "-60.92393850",
    "native": null,
    "timezone": "America/Argentina/Buenos_Aires",
    "translations": {}
  },
  {
    "id": 154401,
    "name": "Olavarría",
    "state_id": 3656,
    "state_code": "B",
    "country_id": 11,
    "country_code": "AR",
    "latitude": "-36.85692910",
    "longitude": "-61.37189000",
    "native": null,
    "timezone": "America/Argentina/Buenos_Aires",
    "translations": {}
  },
  {
    "id": 154402,
    "name": "Patagones",
    "state_id": 3656,
    "state_code": "B",
    "country_id": 11,
    "country_code": "AR",
    "latitude": "-40.17288440",
    "longitude": "-64.09569830",
    "native": null,
    "timezone": "America/Argentina/Buenos_Aires",
    "translations": {}
  },
  {
    "id": 154403,
    "name": "Pehuajó",
    "state_id": 3656,
    "state_code": "B",
    "country_id": 11,
    "country_code": "AR",
    "latitude": "-35.90670570",
    "longitude": "-62.59308720",
    "native": null,
    "timezone": "America/Argentina/Buenos_Aires",
    "translations": {}
  },
  {
    "id": 154404,
    "name": "Pellegrini",
    "state_id": 3656,
    "state_code": "B",
    "country_id": 11,
    "country_code": "AR",
    "latitude": "-36.24270170",
    "longitude": "-63.82182700",
    "native": null,
    "timezone": "America/Argentina/Buenos_Aires",
    "translations": {}
  },
  {
    "id": 154405,
    "name": "Pergamino",
    "state_id": 3656,
    "state_code": "B",
    "country_id": 11,
    "country_code": "AR",
    "latitude": "-33.85555800",
    "longitude": "-61.20026950",
    "native": null,
    "timezone": "America/Argentina/Buenos_Aires",
    "translations": {}
  },
  {
    "id": 154406,
    "name": "Pila",
    "state_id": 3656,
    "state_code": "B",
    "country_id": 11,
    "country_code": "AR",
    "latitude": "-36.21422440",
    "longitude": "-59.05999650",
    "native": null,
    "timezone": "America/Argentina/Buenos_Aires",
    "translations": {}
  },
  {
    "id": 154407,
    "name": "Pilar",
    "state_id": 3656,
    "state_code": "B",
    "country_id": 11,
    "country_code": "AR",
    "latitude": "-34.44243960",
    "longitude": "-59.06160640",
    "native": null,
    "timezone": "America/Argentina/Buenos_Aires",
    "translations": {}
  },
  {
    "id": 154408,
    "name": "Pinamar",
    "state_id": 3656,
    "state_code": "B",
    "country_id": 11,
    "country_code": "AR",
    "latitude": "-37.10658290",
    "longitude": "-57.03470380",
    "native": null,
    "timezone": "America/Argentina/Buenos_Aires",
    "translations": {}
  },
  {
    "id": 154409,
    "name": "Presidente Perón",
    "state_id": 3656,
    "state_code": "B",
    "country_id": 11,
    "country_code": "AR",
    "latitude": "-34.94225680",
    "longitude": "-58.46566260",
    "native": null,
    "timezone": "America/Argentina/Buenos_Aires",
    "translations": {}
  },
  {
    "id": 154410,
    "name": "Puan",
    "state_id": 3656,
    "state_code": "B",
    "country_id": 11,
    "country_code": "AR",
    "latitude": "-38.09189020",
    "longitude": "-64.30307990",
    "native": null,
    "timezone": "America/Argentina/Buenos_Aires",
    "translations": {}
  },
  {
    "id": 154411,
    "name": "Punta Indio",
    "state_id": 3656,
    "state_code": "B",
    "country_id": 11,
    "country_code": "AR",
    "latitude": "-35.45569760",
    "longitude": "-57.79169470",
    "native": null,
    "timezone": "America/Argentina/Buenos_Aires",
    "translations": {}
  },
  {
    "id": 154412,
    "name": "Quilmes",
    "state_id": 3656,
    "state_code": "B",
    "country_id": 11,
    "country_code": "AR",
    "latitude": "-34.73973430",
    "longitude": "-58.35320560",
    "native": null,
    "timezone": "America/Argentina/Buenos_Aires",
    "translations": {}
  },
  {
    "id": 154413,
    "name": "Ramallo",
    "state_id": 3656,
    "state_code": "B",
    "country_id": 11,
    "country_code": "AR",
    "latitude": "-33.58813140",
    "longitude": "-60.38975740",
    "native": null,
    "timezone": "America/Argentina/Buenos_Aires",
    "translations": {}
  },
  {
    "id": 154414,
    "name": "Rauch",
    "state_id": 3656,
    "state_code": "B",
    "country_id": 11,
    "country_code": "AR",
    "latitude": "-36.59916740",
    "longitude": "-59.55774850",
    "native": null,
    "timezone": "America/Argentina/Buenos_Aires",
    "translations": {}
  },
  {
    "id": 154415,
    "name": "Rivadavia",
    "state_id": 3656,
    "state_code": "B",
    "country_id": 11,
    "country_code": "AR",
    "latitude": "-35.57782590",
    "longitude": "-63.66436280",
    "native": null,
    "timezone": "America/Argentina/Buenos_Aires",
    "translations": {}
  },
  {
    "id": 154416,
    "name": "Rojas",
    "state_id": 3656,
    "state_code": "B",
    "country_id": 11,
    "country_code": "AR",
    "latitude": "-34.19513250",
    "longitude": "-61.12565120",
    "native": null,
    "timezone": "America/Argentina/Buenos_Aires",
    "translations": {}
  },
  {
    "id": 154417,
    "name": "Roque Pérez",
    "state_id": 3656,
    "state_code": "B",
    "country_id": 11,
    "country_code": "AR",
    "latitude": "-35.52006040",
    "longitude": "-59.74705690",
    "native": null,
    "timezone": "America/Argentina/Buenos_Aires",
    "translations": {}
  },
  {
    "id": 154418,
    "name": "Saavedra",
    "state_id": 3656,
    "state_code": "B",
    "country_id": 11,
    "country_code": "AR",
    "latitude": "-37.73956430",
    "longitude": "-63.12959180",
    "native": null,
    "timezone": "America/Argentina/Buenos_Aires",
    "translations": {}
  },
  {
    "id": 154419,
    "name": "Saladillo",
    "state_id": 3656,
    "state_code": "B",
    "country_id": 11,
    "country_code": "AR",
    "latitude": "-35.67906870",
    "longitude": "-60.35942330",
    "native": null,
    "timezone": "America/Argentina/Buenos_Aires",
    "translations": {}
  },
  {
    "id": 154420,
    "name": "Salliqueló",
    "state_id": 3656,
    "state_code": "B",
    "country_id": 11,
    "country_code": "AR",
    "latitude": "-36.67026330",
    "longitude": "-63.37763790",
    "native": null,
    "timezone": "America/Argentina/Buenos_Aires",
    "translations": {}
  },
  {
    "id": 154421,
    "name": "Salto",
    "state_id": 3656,
    "state_code": "B",
    "country_id": 11,
    "country_code": "AR",
    "latitude": "-34.24698560",
    "longitude": "-60.61305280",
    "native": null,
    "timezone": "America/Argentina/Buenos_Aires",
    "translations": {}
  },
  {
    "id": 154422,
    "name": "San Andrés de Giles",
    "state_id": 3656,
    "state_code": "B",
    "country_id": 11,
    "country_code": "AR",
    "latitude": "-34.42586240",
    "longitude": "-59.81017060",
    "native": null,
    "timezone": "America/Argentina/Buenos_Aires",
    "translations": {}
  },
  {
    "id": 154423,
    "name": "San Antonio de Areco",
    "state_id": 3656,
    "state_code": "B",
    "country_id": 11,
    "country_code": "AR",
    "latitude": "-34.20590450",
    "longitude": "-59.85355590",
    "native": null,
    "timezone": "America/Argentina/Buenos_Aires",
    "translations": {}
  },
  {
    "id": 154424,
    "name": "San Cayetano",
    "state_id": 3656,
    "state_code": "B",
    "country_id": 11,
    "country_code": "AR",
    "latitude": "-38.40262680",
    "longitude": "-60.27756580",
    "native": null,
    "timezone": "America/Argentina/Buenos_Aires",
    "translations": {}
  },
  {
    "id": 154425,
    "name": "San Fernando",
    "state_id": 3656,
    "state_code": "B",
    "country_id": 11,
    "country_code": "AR",
    "latitude": "-34.24511400",
    "longitude": "-58.90071950",
    "native": null,
    "timezone": "America/Argentina/Buenos_Aires",
    "translations": {}
  },
  {
    "id": 154426,
    "name": "San Isidro",
    "state_id": 3656,
    "state_code": "B",
    "country_id": 11,
    "country_code": "AR",
    "latitude": "-34.48659380",
    "longitude": "-58.62225340",
    "native": null,
    "timezone": "America/Argentina/Buenos_Aires",
    "translations": {}
  },
  {
    "id": 154427,
    "name": "San Miguel",
    "state_id": 3656,
    "state_code": "B",
    "country_id": 11,
    "country_code": "AR",
    "latitude": "-34.55334190",
    "longitude": "-58.77405090",
    "native": null,
    "timezone": "America/Argentina/Buenos_Aires",
    "translations": {}
  },
  {
    "id": 154428,
    "name": "San Nicolás",
    "state_id": 3656,
    "state_code": "B",
    "country_id": 11,
    "country_code": "AR",
    "latitude": "-33.47155080",
    "longitude": "-60.63886600",
    "native": null,
    "timezone": "America/Argentina/Buenos_Aires",
    "translations": {}
  },
  {
    "id": 154429,
    "name": "San Pedro",
    "state_id": 3656,
    "state_code": "B",
    "country_id": 11,
    "country_code": "AR",
    "latitude": "-33.79559030",
    "longitude": "-60.11056980",
    "native": null,
    "timezone": "America/Argentina/Buenos_Aires",
    "translations": {}
  },
  {
    "id": 154430,
    "name": "San Vicente",
    "state_id": 3656,
    "state_code": "B",
    "country_id": 11,
    "country_code": "AR",
    "latitude": "-35.08097070",
    "longitude": "-58.74801840",
    "native": null,
    "timezone": "America/Argentina/Buenos_Aires",
    "translations": {}
  },
  {
    "id": 154431,
    "name": "Suipacha",
    "state_id": 3656,
    "state_code": "B",
    "country_id": 11,
    "country_code": "AR",
    "latitude": "-34.73712310",
    "longitude": "-60.03526020",
    "native": null,
    "timezone": "America/Argentina/Buenos_Aires",
    "translations": {}
  },
  {
    "id": 154432,
    "name": "Tandil",
    "state_id": 3656,
    "state_code": "B",
    "country_id": 11,
    "country_code": "AR",
    "latitude": "-37.33286290",
    "longitude": "-59.85479050",
    "native": null,
    "timezone": "America/Argentina/Buenos_Aires",
    "translations": {}
  },
  {
    "id": 154433,
    "name": "Tapalqué",
    "state_id": 3656,
    "state_code": "B",
    "country_id": 11,
    "country_code": "AR",
    "latitude": "-36.36637830",
    "longitude": "-60.81551140",
    "native": null,
    "timezone": "America/Argentina/Buenos_Aires",
    "translations": {}
  },
  {
    "id": 154434,
    "name": "Tigre",
    "state_id": 3656,
    "state_code": "B",
    "country_id": 11,
    "country_code": "AR",
    "latitude": "-34.40017610",
    "longitude": "-58.75939520",
    "native": null,
    "timezone": "America/Argentina/Buenos_Aires",
    "translations": {}
  },
  {
    "id": 154435,
    "name": "Tordillo",
    "state_id": 3656,
    "state_code": "B",
    "country_id": 11,
    "country_code": "AR",
    "latitude": "-36.41238410",
    "longitude": "-57.57341650",
    "native": null,
    "timezone": "America/Argentina/Buenos_Aires",
    "translations": {}
  },
  {
    "id": 154436,
    "name": "Tornquist",
    "state_id": 3656,
    "state_code": "B",
    "country_id": 11,
    "country_code": "AR",
    "latitude": "-38.26024950",
    "longitude": "-62.95775910",
    "native": null,
    "timezone": "America/Argentina/Buenos_Aires",
    "translations": {}
  },
  {
    "id": 154437,
    "name": "Trenque Lauquen",
    "state_id": 3656,
    "state_code": "B",
    "country_id": 11,
    "country_code": "AR",
    "latitude": "-36.05316630",
    "longitude": "-63.30255910",
    "native": null,
    "timezone": "America/Argentina/Buenos_Aires",
    "translations": {}
  },
  {
    "id": 154438,
    "name": "Tres Arroyos",
    "state_id": 3656,
    "state_code": "B",
    "country_id": 11,
    "country_code": "AR",
    "latitude": "-38.46994170",
    "longitude": "-60.84561550",
    "native": null,
    "timezone": "America/Argentina/Buenos_Aires",
    "translations": {}
  },
  {
    "id": 154439,
    "name": "Tres de Febrero",
    "state_id": 3656,
    "state_code": "B",
    "country_id": 11,
    "country_code": "AR",
    "latitude": "-34.59999320",
    "longitude": "-58.66706300",
    "native": null,
    "timezone": "America/Argentina/Buenos_Aires",
    "translations": {}
  },
  {
    "id": 154440,
    "name": "Tres Lomas",
    "state_id": 3656,
    "state_code": "B",
    "country_id": 11,
    "country_code": "AR",
    "latitude": "-36.48938820",
    "longitude": "-63.19723280",
    "native": null,
    "timezone": "America/Argentina/Buenos_Aires",
    "translations": {}
  },
  {
    "id": 154441,
    "name": "Veinticinco de Mayo",
    "state_id": 3656,
    "state_code": "B",
    "country_id": 11,
    "country_code": "AR",
    "latitude": "-35.55138480",
    "longitude": "-60.84646650",
    "native": null,
    "timezone": "America/Argentina/Buenos_Aires",
    "translations": {}
  },
  {
    "id": 154442,
    "name": "Vicente López",
    "state_id": 3656,
    "state_code": "B",
    "country_id": 11,
    "country_code": "AR",
    "latitude": "-34.52931400",
    "longitude": "-58.58906610",
    "native": null,
    "timezone": "America/Argentina/Buenos_Aires",
    "translations": {}
  },
  {
    "id": 154443,
    "name": "Villa Gesell",
    "state_id": 3656,
    "state_code": "B",
    "country_id": 11,
    "country_code": "AR",
    "latitude": "-37.36616190",
    "longitude": "-57.38978580",
    "native": null,
    "timezone": "America/Argentina/Buenos_Aires",
    "translations": {}
  },
  {
    "id": 154444,
    "name": "Villarino",
    "state_id": 3656,
    "state_code": "B",
    "country_id": 11,
    "country_code": "AR",
    "latitude": "-39.14254170",
    "longitude": "-64.01619890",
    "native": null,
    "timezone": "America/Argentina/Buenos_Aires",
    "translations": {}
  },
  {
    "id": 154445,
    "name": "Zárate",
    "state_id": 3656,
    "state_code": "B",
    "country_id": 11,
    "country_code": "AR",
    "latitude": "-34.00225010",
    "longitude": "-59.42188710",
    "native": null,
    "timezone": "America/Argentina/Buenos_Aires",
    "translations": {}
  }
]